,l,psi
0,366,0.000709702488906039
1,290,0.0006568999028182701
2,131,0.0006578979370249729
3,131,0.0006578979370249729
4,37,0.000704764770349706
5,55,0.0009355906514172053
6,6,0.000873051369178493
7,355,0.0008617771125060357
8,13,0.000678884849695396
9,115,0.0006371681660899655
10,727,0.0006123094993940524
11,386,0.0006324132486038898
12,12,0.0005355467439073112
13,627,0.00044906031805777737
14,236,0.0004509337631887456
15,236,0.0004509337631887456
16,948,0.00035727329192546586
17,32,0.0004649196570972887
18,155,0.0004921384539635647
19,47,0.0005190518562755051
20,434,0.00047323289246693496
21,508,0.0003474139703083365
22,93,0.0004381521846824532
23,194,0.0003537465175593486
24,194,0.0003537465175593486
25,194,0.0003537465175593486
26,408,0.0002938995003843198
27,139,0.00021313975737252192
28,1180,0.00023254758497316636
29,186,0.00026945022580011777
30,186,0.00026945022580011777
31,139,0.00031387493835683994
32,225,0.0003112350122249389
33,56,0.00019056563245823386
34,56,0.00019056563245823386
35,56,0.00019056563245823386
36,134,0.00042106453522794553
37,39,0.0003984876979778862
38,23,0.0005359245734809937
39,29,0.00039136544022335226
40,29,0.00039136544022335226
41,29,0.00039136544022335226
42,222,0.00046608745842300915
43,265,0.0005752991719434972
44,265,0.0005752991719434972
45,265,0.0005752991719434972
46,1045,0.0006475628791308284
47,297,0.0006950517626493154
48,83,0.0006427791331944857
49,83,0.0006427791331944857
50,570,0.0006518493850520341
51,290,0.0006244340136054422
52,1031,0.0005824880790499501
53,197,0.0006190403059723447
54,11,0.0005933425232244531
55,493,0.0005604151338987896
56,39,0.0005411708337483813
57,39,0.0005411708337483813
58,39,0.0005411708337483813
59,94,0.0005382221121458293
60,521,0.0006300733770554129
61,47,0.0007255501144620286
62,341,0.0006910134416400734
63,32,0.0007130859250398723
64,32,0.0007130859250398723
65,162,0.0005231891359968509
66,885,0.0004884380339917316
67,165,0.0004428143630103295
68,871,0.0004473249931009106
69,64,0.0003448267090620032
70,319,0.00036634247504603156
71,21,0.0004840498952200379
72,21,0.0004840498952200379
73,21,0.0004840498952200379
74,303,0.0005104024070659031
75,71,0.0005221602621388144
76,57,0.0004941280700009944
77,571,0.0005914104625863211
78,28,0.000575876545672118
79,28,0.000575876545672118
80,3,0.0004290140957712686
81,308,0.00043724970896391146
82,294,0.0002212057509228677
83,294,0.0002212057509228677
84,1109,0.00040437141056800786
85,95,0.0006357705794947994
86,95,0.0006357705794947994
87,135,0.0009157403058707448
88,214,0.0009086575288819266
89,529,0.0009228063443821827
90,51,0.001142331509302557
91,316,0.001112987010469174
92,386,0.0011857450414018871
93,244,0.0009972139789144866
94,147,0.0006144580664235735
95,38,0.0003203841402669854
96,880,0.0005115542279411765
97,251,0.0006394178128963028
98,1033,0.0006112243270189431
99,449,0.0005386343190735955
100,116,0.0003636583629893238
101,221,0.00047408961941101653
102,38,0.00036108667065152416
103,38,0.00036108667065152416
104,317,0.00037833769506639525
105,4,0.0003787237105157937
106,4,0.0003787237105157937
107,4,0.0003787237105157937
108,32,0.00020725219298245613
109,292,0.0006105872522347455
110,6,0.0007578762742354587
111,200,0.0008057998039215687
112,1086,0.0005892108966263756
113,986,0.0004566207900964864
114,22,0.0004315314308521253
115,486,0.00042402803738317757
116,135,0.00036926531820424276
117,272,0.00045704595015576315
118,272,0.00045704595015576315
119,1073,0.0004239841054818025
120,84,0.00041838873462911547
121,1268,0.0005613746893858715
122,751,0.0006040505999441913
123,396,0.0003291254328587918
124,146,0.0002819284447072738
125,721,0.0003060589497248391
126,102,0.0003143466640269253
127,607,0.00046133628735740546
128,4,0.0003830273890443823
129,363,0.00041564585544726437
130,639,0.0004258454741987029
131,44,0.00045107228195937876
132,370,0.0004892507232401157
133,370,0.0004892507232401157
134,216,0.00036648257635082227
135,350,0.00038214357487922706
136,100,0.0004324813861386139
137,97,0.00038914271565811625
138,97,0.00038914271565811625
139,97,0.00038914271565811625
140,262,0.0004530298187487819
141,340,0.0006117568665377176
142,523,0.0005508305616269125
143,208,0.0003146208855799373
144,385,0.0005460154068367838
145,183,0.0007132088775409997
146,391,0.0006869991338658454
147,23,0.0006680365160131697
148,307,0.0007294842340157175
149,426,0.0007877329752541723
150,90,0.0008139647175421209
151,671,0.0008890533220879018
152,138,0.0007984626159005721
153,138,0.0007984626159005721
154,949,0.0007554668006210612
155,160,0.0007954452755905511
156,13,0.0006681316288824528
157,17,0.0008077220724767896
158,17,0.0008077220724767896
159,17,0.0008077220724767896
160,17,0.0008077220724767896
161,271,0.0007907000292084511
162,102,0.0009574822807364877
163,98,0.0009441307189542484
164,151,0.0008978260269924146
165,832,0.0007054843057607091
166,195,0.0008922917116233448
167,148,0.0011458916042569964
168,420,0.0011170800383877159
169,145,0.0011650899950714634
170,690,0.0011512664172123478
171,686,0.0011516973610331276
172,197,0.0011419615573207808
173,197,0.0011419615573207808
174,408,0.0011664953881629517
175,212,0.0011888840579710146
176,142,0.0013091027410767108
177,860,0.001350500368324125
178,21,0.0014635699032032733
179,639,0.0010286979979321365
180,391,0.0010094042921759215
181,1202,0.0008931105159792894
182,397,0.0006259853803981917
183,174,0.0006293778258305485
184,345,0.0006189743837602706
185,48,0.0006548648487261147
186,1040,0.0005281429347826087
187,286,0.0003558870309158079
188,22,0.00033262083416483735
189,3,0.00040301449565130465
190,3,0.00040301449565130465
191,191,0.00036612049847905014
192,191,0.00036612049847905014
193,26,0.000409735886694594
194,26,0.000409735886694594
195,26,0.000409735886694594
196,29,0.00030394176887027627
197,855,0.0005193912482726854
198,1080,0.0006878097472924188
199,784,0.0007066887982195844
200,36,0.0007521173774412117
201,162,0.0004442796693564259
202,592,0.0005465421072507553
203,31,0.0006005977469843485
204,214,0.001227250048952418
205,420,0.0012029877159309018
206,152,0.0011620206855791962
207,152,0.0011620206855791962
208,152,0.0011620206855791962
209,94,0.0011686976421636614
210,59,0.0011385342479371707
211,310,0.0006560304558680891
212,94,0.0004364432336041212
213,94,0.0004364432336041212
214,419,0.00036143794989922264
215,569,0.0002815409215630618
216,232,0.0003514792806880375
217,72,0.0003083383637807784
218,414,0.0004331878240829652
219,230,0.0006441882697947215
220,3,0.0005400717784664601
221,3,0.0005400717784664601
222,3,0.0005400717784664601
223,197,0.000552040404040404
224,98,0.0005475149534561298
225,184,0.0008157886881382559
226,307,0.0008060533617929561
227,307,0.0008060533617929561
228,840,0.000812120295202952
229,275,0.0011255672992700732
230,244,0.0011494418196017183
231,423,0.0011008916818574307
232,88,0.0011842531720856462
233,17,0.0011926470999301187
234,208,0.0012165848354231974
235,579,0.0011454876642404764
236,513,0.001152678968895653
237,188,0.0009794893992932862
238,188,0.0009794893992932862
239,469,0.0006627786799121214
240,229,0.0005370425261511389
241,28,0.00042229038691663347
242,201,0.0007893149691206745
243,124,0.001041944685894903
244,124,0.001041944685894903
245,455,0.0009188036346245816
246,79,0.0009530798690346265
247,258,0.0009501403782413725
248,124,0.0010202258000790202
249,203,0.0005912762912868765
250,43,0.0005866384546450264
251,138,0.0007925115407378182
252,645,0.0009380437764208548
253,72,0.0008721953931691818
254,114,0.000918675697053589
255,114,0.000918675697053589
256,11,0.0007536775546898412
257,11,0.0007536775546898412
258,148,0.0004952089081592432
259,837,0.0003827697702316139
260,837,0.0003827697702316139
261,149,0.0004086038033303774
262,479,0.0005152602347552246
263,207,0.0005165941020868032
264,24,0.0005260251396648045
265,605,0.0004208931636020744
266,146,0.0002889952690715553
267,146,0.0002889952690715553
268,989,0.0005226288106288105
269,405,0.0009489631907736664
270,408,0.0008822647963105304
271,225,0.0007772535941320294
272,55,0.0005913810044753854
273,55,0.0005913810044753854
274,40,0.0005792149402390438
275,40,0.0005792149402390438
276,627,0.0005011467017973088
277,361,0.00032642756490686224
278,898,0.00030916700311983854
279,24,0.00039242138866719874
280,24,0.00039242138866719874
281,111,0.0004531680348135694
282,101,0.0002537721017721018
283,490,0.00037700438512869403
284,129,0.0005685694540428474
285,119,0.000451244787034292
286,134,0.00046096112097888296
287,785,0.0004617199814557255
288,203,0.00047120454768205435
289,105,0.0005571331024245423
290,105,0.0005571331024245423
291,297,0.0005659040497232203
292,497,0.0004353636277031533
293,530,0.00033540018993352325
294,652,0.00015498629365377393
295,21,0.0006020995908591956
296,396,0.0005803809157368218
297,630,0.0006021177798682972
298,246,0.0009739328518446222
299,9,0.0009563620741332799
300,615,0.0009513580781912388
301,256,0.000984659321372855
302,256,0.000984659321372855
303,238,0.000986390505958195
304,163,0.0010391742595690248
305,426,0.0010129606752349895
306,336,0.0009947708978328173
307,165,0.0009854215445154945
308,165,0.0009854215445154945
309,59,0.0007710207774132618
310,279,0.0007865716509388072
311,279,0.0007865716509388072
312,221,0.0007910351237647979
313,11,0.0008076286085306163
314,11,0.0008076286085306163
315,347,0.0007436453078186915
316,403,0.0004437754493895991
317,403,0.0004437754493895991
318,303,0.0004480826943608657
319,265,0.0004611820750121772
320,341,0.00018927163717242045
321,683,0.0004300415613591688
322,109,0.0004544597883074488
323,423,0.0006251081262592344
324,61,0.0004082164794752012
325,4,0.00048686165533786487
326,103,0.000593327526477284
327,103,0.000593327526477284
328,291,0.0009184162860752114
329,468,0.0012446033626289643
330,648,0.001266238354620586
331,252,0.001094930940304331
332,105,0.0010657140029688272
333,337,0.0008347808842023797
334,191,0.000761878127759788
335,539,0.0006714872378783567
336,61,0.0006843953881323924
337,61,0.0006843953881323924
338,34,0.0007584102053019733
339,12,0.000979239712345186
340,355,0.0007465583775953645
341,175,0.0006338113022113023
342,74,0.0004071534643637086
343,74,0.0004071534643637086
344,914,0.000418155579989005
345,169,0.0005117596617169829
346,454,0.0007891033097378995
347,99,0.0008539742548767204
348,272,0.0008395917056074766
349,446,0.0008256065479609419
350,291,0.0008185622388494801
351,20,0.0008504670658682635
352,63,0.0008810495875981318
353,56,0.0011330441527446302
354,349,0.0007507629722678519
355,349,0.0007507629722678519
356,156,0.0006930183142969674
357,600,0.00035125264150943404
358,600,0.00035125264150943404
359,16,0.00033138977635782744
360,512,0.0005442372526636225
361,333,0.0004624033678505758
362,237,0.0002655432255543616
363,126,0.0003550209362038317
364,168,0.00024170987411487017
365,168,0.00024170987411487017
366,456,0.0004951995026778883
367,36,0.0005159232762056596
368,337,0.0004722008319628519
369,35,0.0005242080717488789
370,35,0.0005242080717488789
371,35,0.0005242080717488789
372,35,0.0005242080717488789
373,156,0.0005365248129184718
374,156,0.0005365248129184718
375,41,0.00042093038541977896
376,41,0.00042093038541977896
377,266,0.00044252444963958703
378,259,0.0005727688858563213
379,97,0.000585931068634248
380,109,0.0005590068256009497
381,290,0.0005520703595724004
382,213,0.0006265132674042887
383,126,0.00030856014220817697
384,55,0.0003279556439582298
385,55,0.0003279556439582298
386,55,0.0003279556439582298
387,53,0.000613941509997016
388,31,0.0005939310138570432
389,743,0.00055456781159825
390,454,0.0005698987947197246
391,874,0.0005559374655140703
392,441,0.0005827372857006033
393,51,0.0004910922296288927
394,565,0.0005310799810695694
395,21,0.0005567262748228719
396,297,0.0005050000971156647
397,351,0.0004453629601004734
398,351,0.0004453629601004734
399,5,0.0004607648175912044
400,61,0.0005208889772388431
401,127,0.0009016545867482965
402,127,0.0009016545867482965
403,322,0.0005886533617515985
404,1013,0.0005517188776900027
405,721,0.0005667456393993097
406,116,0.0003800703835508106
407,414,0.00036919454580372577
408,72,0.0005038276409849086
409,212,0.0004969204857030943
410,212,0.0004969204857030943
411,212,0.0004969204857030943
412,366,0.0004895381053443951
413,1165,0.0003796549932825795
414,78,0.00022130244096050803
415,894,0.00016450009179364787
416,1356,0.00030020324057766816
417,352,0.00020372932766615147
418,1419,0.00028406270251335496
419,90,0.0004032317145688801
420,28,0.0004380947347427204
421,398,0.0006160859780727063
422,1425,0.0006181715536105034
423,242,0.0004876820933411443
424,168,0.0005910531077891424
425,1075,0.0005819125959367946
426,236,0.0007623477921062916
427,256,0.0008297310842433698
428,133,0.0007920935557090694
429,342,0.0007471982208470316
430,191,0.0007582694534393092
431,191,0.0007582694534393092
432,59,0.0005883664380157074
433,59,0.0005883664380157074
434,53,0.0005599824927882225
435,986,0.0007359173493537229
436,185,0.0007766910162002946
437,125,0.0007500233086419753
438,125,0.0007500233086419753
439,61,0.0007390044727164298
440,61,0.0007390044727164298
441,1143,0.0008229379879745131
442,106,0.0007259580447259055
443,95,0.0008508588410104012
444,352,0.0008402909582689334
445,90,0.0008512804757185333
446,500,0.0008738028571428571
447,505,0.0010635329842931937
448,303,0.0011147100844414249
449,459,0.001155388660483794
450,354,0.0010821738458566738
451,1043,0.0010599230281626369
452,210,0.0010862164544564153
453,735,0.0010796620400558919
454,164,0.0010863844942935851
455,572,0.0010552843359818388
456,599,0.001136799509387678
457,334,0.0010946264757112443
458,311,0.0008893348850741925
459,189,0.0006115540288546471
460,690,0.0004774385406922358
461,375,0.0004957067951807229
462,479,0.000550538601011547
463,578,0.00045970221213840047
464,310,0.0005036323957322988
465,518,0.0005468606198897128
466,708,0.0005977261860291371
467,233,0.0005964645753933353
468,325,0.0006266775786924938
469,119,0.0006056734855222849
470,1404,0.0005623547877937567
471,173,0.0008181584586650939
472,347,0.0007610252247028125
473,347,0.0007610252247028125
474,286,0.0008448741979389462
475,312,0.000842743987587277
476,27,0.0008497105814301386
477,401,0.0011045286030189406
478,601,0.0008148159607584192
479,628,0.0007993716597666542
480,367,0.0009017812288993924
481,367,0.0009017812288993924
482,6,0.0009248217069758145
483,6,0.0009248217069758145
484,451,0.0007381641948138935
485,451,0.0007381641948138935
486,287,0.0008154573733838825
487,619,0.0007842987098596856
488,470,0.0007666670487106017
489,459,0.0006151716225260541
490,459,0.0006151716225260541
491,315,0.0005676098885118759
492,315,0.0005676098885118759
493,281,0.0005694870148818209
494,281,0.0005694870148818209
495,58,0.000571052097832571
496,642,0.0004122738207103928
497,1479,0.0005763223277288963
498,24,0.0006105949720670392
499,24,0.0006105949720670392
500,24,0.0006105949720670392
501,544,0.000602777693474962
502,28,0.0006337941763063423
503,28,0.0006337941763063423
504,28,0.0006337941763063423
505,634,0.0009449285311265752
506,63,0.0009204042532048098
507,213,0.0009068861255262901
508,819,0.0009485098437933266
509,121,0.0009843796067582255
510,350,0.0010097028019323672
511,230,0.0010215468230694038
512,9,0.001044102707563193
513,340,0.0010106793036750484
514,586,0.0010199909314188552
515,49,0.001073226987759976
516,70,0.001210641906653426
517,70,0.001210641906653426
518,708,0.0010932975345536047
519,714,0.0009446371103229419
520,687,0.0009102262561991205
521,5,0.0009000417791104447
522,5,0.0009000417791104447
523,5,0.0009000417791104447
524,5,0.0009000417791104447
525,62,0.000994671834625323
526,259,0.0009755714981967053
527,364,0.0008339911231184872
528,282,0.0008933160863645206
529,108,0.0007811481994459834
530,345,0.0007632523924601258
531,9,0.0007455396143470877
532,530,0.0006817811965811966
533,217,0.0006640849564451404
534,217,0.0006640849564451404
535,33,0.0006412851589753813
536,227,0.0006234006062383886
537,304,0.0006663497670807454
538,7,0.0006861265114419905
539,239,0.000732038675651919
540,53,0.0007455828111011637
541,122,0.0005195793321477968
542,387,0.00038129854625974774
543,182,0.0005961585150265175
544,450,0.0005808694736842106
545,609,0.0005721638231690076
546,198,0.000607552461266915
547,198,0.000607552461266915
548,194,0.0006077908573670786
549,25,0.0006298441895261846
550,284,0.000441285686503306
551,84,0.0004668536295120983
552,68,0.0005112079856972586
553,260,0.0004920432748538011
554,443,0.00034994369434070675
555,276,0.0005348005060334761
556,126,0.0008703651984989137
557,126,0.0008703651984989137
558,56,0.0008764238265712011
559,158,0.0008236662728883638
560,977,0.0007585619021590597
561,176,0.0006609084119496855
562,827,0.00036041913734183057
563,101,0.0003587799227799228
564,863,0.0003465482831630305
565,75,0.0006935845161290323
566,75,0.0006935845161290323
567,556,0.0007093459643804471
568,376,0.0007057072089437162
569,59,0.0007279469132120488
570,73,0.0010856066712995136
571,156,0.0007277046081134305
572,642,0.0006944717158428867
573,212,0.000723714061887975
574,299,0.00040644314982037094
575,321,0.0003074556728999128
576,102,0.00029426489803999206
577,165,0.00041284072798819483
578,718,0.0004177462213099459
579,573,0.00040496623474888866
580,272,0.00038735397196261684
581,272,0.00038735397196261684
582,139,0.0003924351513956012
583,139,0.0003924351513956012
584,257,0.00026682421760748756
585,531,0.0005893907511157535
586,485,0.0009160242250834525
587,286,0.0010390068053665175
588,561,0.0010119518984944606
589,61,0.001046782029619322
590,255,0.0010139485129205263
591,374,0.0004550624638519375
592,168,0.0004586335562549174
593,420,0.0004947646833013435
594,27,0.0006613339982048469
595,404,0.0011661820453671666
596,404,0.0011661820453671666
597,338,0.0010762919326755662
598,238,0.000994762258253565
599,1102,0.0009903013871374528
600,343,0.0010290871120564632
601,343,0.0010290871120564632
602,270,0.0004994627069133398
603,270,0.0004994627069133398
604,270,0.0004994627069133398
605,39,0.000487128996912043
606,124,0.000454521137890162
607,43,0.0004999683361545355
608,241,0.0004903019236402696
609,203,0.0007523257865333726
610,487,0.0007580749499380185
611,573,0.0012329868533055898
612,121,0.0011808234364193261
613,18,0.001137718307047315
614,584,0.0011367439531368103
615,31,0.0011507791845279632
616,691,0.0012346845009821347
617,175,0.001301976412776413
618,175,0.001301976412776413
619,687,0.000848410405165154
620,503,0.0008348382366942777
621,607,0.0008231656453285566
622,51,0.0008687014227440055
623,595,0.0009888003775365738
624,254,0.0007880011702750147
625,349,0.0007817630688955454
626,350,0.0007744856038647344
627,83,0.0006892881086978082
628,41,0.0006243756597948412
629,604,0.0002098261033572237
630,169,0.000458633297276035
631,441,0.0005362066851834116
632,159,0.0007295550743183384
633,159,0.0007295550743183384
634,159,0.0007295550743183384
635,756,0.0007058114540721456
636,287,0.0007379904734130455
637,858,0.0007124277030760728
638,493,0.000705267702277709
639,1385,0.0006573688186209926
640,82,0.0006685459234278912
641,253,0.00040859923924704963
642,417,0.0005514731688585965
643,178,0.0005999882098644135
644,178,0.0005999882098644135
645,624,0.0008147757906626507
646,150,0.0008528254187192118
647,414,0.0008312058767044364
648,414,0.0008312058767044364
649,36,0.000862512754085293
650,109,0.0008105911563952914
651,109,0.0008105911563952914
652,502,0.0008284861931060751
653,281,0.0007705036475051066
654,12,0.0004451222532960448
655,191,0.0006111989009910706
656,548,0.0005699590443686008
657,146,0.00042714587029371175
658,146,0.00042714587029371175
659,366,0.0004984300598109203
660,202,0.0007025555773377769
661,543,0.0006472958360997818
662,302,0.0006914639875752281
663,333,0.0005714543694957902
664,398,0.0005107751490671283
665,518,0.0003424805096025861
666,992,0.0003976286390101893
667,60,0.0006961163021868787
668,60,0.0006961163021868787
669,74,0.0007633672821123686
670,74,0.0007633672821123686
671,74,0.0007633672821123686
672,732,0.000773977636973537
673,1152,0.0006141721664275466
674,535,0.0005102008542952064
675,267,0.0005038675367682868
676,217,0.0005063333659586963
677,415,0.0005405369179068651
678,337,0.0004571502370126729
679,1422,0.000490375240763439
680,199,0.0007103194430826551
681,351,0.0007111254951212444
682,280,0.0006840122568093386
683,608,0.0009719434389140273
684,324,0.001053738667183262
685,497,0.001004115461560446
686,875,0.0008143146666666667
687,224,0.0007666989436619718
688,1315,0.0007013281484754751
689,340,0.0006916303675048355
690,83,0.0006676842209659824
691,137,0.00026183150833579953
692,211,0.00048784095583194595
693,158,0.0004903862965150621
694,158,0.0004903862965150621
695,154,0.0005004654323419342
696,58,0.000860990256512229
697,216,0.0007910434612372748
698,191,0.0005951158865665784
699,327,0.000556877699235015
700,68,0.0005032346046881207
701,209,0.0003541992359682633
702,209,0.0003541992359682633
703,919,0.00033742174191775804
704,15,0.0002806096854717923
705,1067,0.0005441440318062709
706,81,0.0006437399067552822
707,166,0.0006588327759197325
708,498,0.0006379971423128215
709,480,0.0005944127862595421
710,451,0.0003418618314036935
711,451,0.0003418618314036935
712,25,0.0004672798004987531
713,8,0.0008074694244604317
714,8,0.0008074694244604317
715,361,0.0008171080011581894
716,361,0.0008171080011581894
717,10,0.0008186357642357643
718,415,0.0008159967354776765
719,635,0.000799116690173954
720,380,0.0008187481695568401
721,58,0.0008449598329687811
722,58,0.0008449598329687811
723,184,0.0007714473684210528
724,22,0.0003877904609858312
725,22,0.0003877904609858312
726,22,0.0003877904609858312
727,641,0.0004389271684992012
728,515,0.0005075136471707085
729,429,0.000529954933358903
730,897,0.000531755345507938
731,27,0.0005190990326119476
732,68,0.0005169851013110845
733,166,0.0007063702537871336
734,132,0.0008153746545598105
735,59,0.000821291977333731
736,412,0.0009310023050326546
737,268,0.0008794240358395014
738,144,0.000890174093059937
739,80,0.0008284607142857144
740,80,0.0008284607142857144
741,332,0.0005443327526132404
742,41,0.0004988023105268399
743,576,0.0003985194780635401
744,576,0.0003985194780635401
745,377,0.0003333724583212874
746,377,0.0003333724583212874
747,277,0.0008307589763549675
748,86,0.0008615173507832639
749,335,0.000811730817610063
750,76,0.0006148654227868201
751,598,0.0008167997735421778
752,44,0.0008864978096375946
753,735,0.0008646861667442944
754,185,0.0008916979872361316
755,185,0.0008916979872361316
756,173,0.000892749827976015
757,25,0.0004528099750623441
758,100,0.00020036673267326732
759,576,0.0008167876323751889
760,195,0.0008046244237371261
761,934,0.0006063118712273641
762,247,0.0005634041182785205
763,247,0.0005634041182785205
764,174,0.0007291075289954786
765,208,0.0005695458463949843
766,254,0.0005529685976204407
767,248,0.0006039369633099143
768,96,0.0005832083993660855
769,300,0.0004330021359223302
770,13,0.0004781148506940977
771,340,0.0005076760154738878
772,11,0.00031646988312855856
773,181,0.0004791920243591002
774,836,0.0007442822074566261
775,741,0.0007192302392700866
776,657,0.0007234285446185605
777,239,0.00035063463228830944
778,256,0.0006480770280811232
779,105,0.0008538565066798615
780,66,0.0008571647128948936
781,192,0.0008465323783359497
782,131,0.0009220396801895172
783,276,0.0009090291942390034
784,252,0.0008632619976589934
785,124,0.0008918453180561042
786,673,0.0007776151035322777
787,318,0.000804369645280093
788,362,0.0007792748504149779
789,319,0.0007178571567012307
790,249,0.0006631347448531564
791,365,0.0006091760733236855
792,282,0.000614093561563898
793,685,0.00034465025737014505
794,24,0.00037640023942537914
795,93,0.00045070167442782134
796,787,0.0005058891257995735
797,309,0.00042094849160927345
798,120,0.0010226541501976287
799,377,0.001206527705502554
800,142,0.0012235357917570499
801,146,0.0011507451212300415
802,146,0.0011507451212300415
803,333,0.000613656246975709
804,851,0.0005843618099714312
805,25,0.00015712758104738153
806,113,0.00036747394442796405
807,370,0.0003583668273866924
808,737,0.00047493527055974665
809,294,0.00042303400038857587
810,139,0.00033565558733602923
811,341,0.0005214035393095445
812,61,0.0005248587615545175
813,855,0.00047777982496545365
814,476,0.0007578165330278733
815,46,0.0009667451722078439
816,46,0.0009667451722078439
817,208,0.000919969631661442
818,513,0.0008070997812232474
819,513,0.0008070997812232474
820,89,0.000723881851521459
821,89,0.000723881851521459
822,176,0.0007366438679245283
823,201,0.0007316868934418195
824,508,0.0005935894556528358
825,52,0.0006146422602467171
826,313,0.00041339474449723646
827,280,0.0005413219844357977
828,261,0.0005027593801773706
829,162,0.00038646919897657937
830,11,0.0005134100489461593
831,1088,0.0006199594155844156
832,860,0.0008358854511970534
833,128,0.0008004838072669827
834,118,0.0007972419450484286
835,152,0.0006069007092198582
836,152,0.0006069007092198582
837,153,0.0006357941495124595
838,297,0.0007669387200155385
839,213,0.0009687772446881425
840,1405,0.0010223181060938186
841,171,0.0010463582735227607
842,235,0.0010598532486565705
843,187,0.0011320879552370667
844,419,0.0011238479700547077
845,532,0.001068037599696164
846,836,0.0010488080472499078
847,305,0.001071450946142649
848,552,0.0008118677028051553
849,76,0.0007490869392616118
850,191,0.00042777097438916685
851,66,0.00048311305384462545
852,64,0.00032874721780604127
853,12,0.00035863863363963245
854,575,0.00044719300236406616
855,91,0.0005480000000000001
856,205,0.0005418782949534542
857,115,0.0005466997528423134
858,804,0.0005575338763420956
859,108,0.0005732532647407993
860,298,0.0011298283161778986
861,873,0.0010837354915846594
862,356,0.0010903733101583625
863,1095,0.0010914291122127082
864,45,0.0010618888999502241
865,461,0.0010487637893126852
866,186,0.0007708444924406048
867,407,0.0007544750648601902
868,222,0.0007233862257875171
869,800,0.00024302074074074073
870,1084,0.00026609455070371703
871,234,0.00025797557162399843
872,171,0.0004697367023891456
873,74,0.0005868401826484018
874,93,0.0005730187258495988
875,293,0.0005609899931992616
876,293,0.0005609899931992616
877,137,0.000594919601459998
878,137,0.000594919601459998
879,224,0.0006902715179968701
880,115,0.0006977099357390014
881,472,0.0007216415202444613
882,492,0.0007661645062905071
883,393,0.0006532262099490042
884,216,0.0006645438527799529
885,4,0.0007028406637345062
886,898,0.0006636577353642869
887,453,0.0008722498804171051
888,155,0.0007635149187592319
889,115,0.0007245443400889768
890,301,0.0006898809824288904
891,462,0.000679264385394762
892,718,0.000663040119425266
893,418,0.0006821332309464389
894,30,0.0006705419740777667
895,353,0.00032710055056505365
896,15,0.0006771069395906141
897,15,0.0006771069395906141
898,87,0.0007815384157826906
899,524,0.0007761385404789053
900,101,0.0008086409266409267
901,77,0.0009042703185471867
902,425,0.0009530728057553959
903,172,0.0009541095163193079
904,69,0.0009438015691727083
905,350,0.001007112463768116
906,53,0.000991534865214364
907,86,0.0006491352369621258
908,86,0.0006491352369621258
909,163,0.00036454157237036304
910,742,0.0004021388940606963
911,404,0.00046068531334102263
912,31,0.0002941959924234872
913,31,0.0002941959924234872
914,3,0.000600853343996801
915,3,0.000600853343996801
916,183,0.0005782957870961406
917,349,0.0008469830901536381
918,757,0.0008217164636980572
919,215,0.0006880033284385708
920,15,0.0004741687468796805
921,160,0.0004674015748031496
922,24,0.0003073904628890662
923,184,0.00040047093479968573
924,309,0.00034333921815889027
925,272,0.0003158130841121495
926,33,0.0003233361905711153
927,33,0.0003233361905711153
928,778,0.0004084117647058823
929,58,0.0004376478425134221
930,106,0.00041715693647338215
931,1057,0.00032505109885140636
932,312,0.00030602172226532195
933,295,0.0006953796988829529
934,295,0.0006953796988829529
935,201,0.0009704203509459856
936,201,0.0009704203509459856
937,249,0.0011708633037369497
938,65,0.0011174052657724788
939,65,0.0011174052657724788
940,611,0.0010599080199792668
941,21,0.0009064294980540864
942,25,0.0003842922693266833
943,25,0.0003842922693266833
944,197,0.0004263922722369325
945,18,0.0006560431223797164
946,18,0.0006560431223797164
947,197,0.0006598715308424046
948,229,0.0005386665363183107
949,34,0.0005639862467610125
950,34,0.0005639862467610125
951,585,0.0005605228153046765
952,805,0.0005491100416473854
953,104,0.0006536395486935867
954,964,0.0005885310105800802
955,797,0.0006439396128554228
956,31,0.0006299910278137772
957,80,0.0005207855158730158
958,1440,0.0005468979020979021
959,117,0.00045369279430661257
960,117,0.00045369279430661257
961,459,0.0005239581221914141
962,107,0.0005422061937271198
963,712,0.00037163237490664674
964,21,0.0002775369723580481
965,112,0.0003060251186708861
966,1054,0.0003901176044870635
967,164,0.00042427784336875247
968,592,0.00040713368580060425
969,592,0.00040713368580060425
970,325,0.0005183955447941889
971,209,0.0005233268684494074
972,306,0.0005993518338831749
973,132,0.0004941385708645875
974,132,0.0004941385708645875
975,132,0.0004941385708645875
976,155,0.0004206711964549483
977,552,0.00036449033358605003
978,513,0.0007057138780557405
979,5,0.0007415462268865568
980,5,0.0007415462268865568
981,8,0.0006679268585131894
982,8,0.0006679268585131894
983,81,0.0008118974308104354
984,62,0.0008134305307096004
985,253,0.0008982629474300204
986,641,0.0007982022366318955
987,34,0.0007901572652979868
988,34,0.0007901572652979868
989,356,0.0007655888373889532
990,356,0.0007655888373889532
991,682,0.000786152967609062
992,170,0.0007799935103244838
993,438,0.0008008787123970109
994,103,0.0008723741462931802
995,980,0.0007659069216757741
996,231,0.0005601683119929625
997,231,0.0005601683119929625
998,254,0.0007486438463038815
999,60,0.0008189065606361828
1000,399,0.0010435701509760554
1001,37,0.001012610939523762
1002,76,0.0010682782850337435
1003,557,0.0009816750970919768
1004,512,0.0010511021689497716
1005,283,0.0010553776135369057
1006,283,0.0010553776135369057
1007,49,0.0009703741665837397
1008,327,0.0008307680836641813
1009,223,0.0008392196028563045
1010,424,0.0008230374136607828
1011,424,0.0008230374136607828
1012,842,0.0007696709094263051
1013,47,0.0006928320891808499
1014,175,0.0008174661425061424
1015,118,0.0007766823482901759
1016,448,0.0007912404287901991
1017,863,0.0007786046211911994
1018,746,0.0007870818909361622
1019,244,0.0008047393596251465
1020,37,0.00036362478828335157
1021,514,0.00047476811869887764
1022,514,0.00047476811869887764
1023,174,0.0004906341655199528
1024,127,0.0004995619630690234
1025,26,0.0004021262716935966
1026,207,0.0003949953953169393
1027,723,0.0003923249090739532
1028,256,0.0003321158346333853
1029,68,0.00043308720699245136
1030,511,0.0004280346303872134
1031,57,0.0004335609028537337
1032,453,0.0004198385152587774
1033,453,0.0004198385152587774
1034,118,0.00043373907886934176
1035,118,0.00043373907886934176
1036,118,0.00043373907886934176
1037,118,0.00043373907886934176
1038,21,0.0004220798323520607
1039,53,0.0005128469113697404
1040,269,0.00047574875839906524
1041,638,0.0004927445008460237
1042,458,0.0004859868043602984
1043,362,0.00048129492375989193
1044,810,0.00047178334875115635
1045,334,0.000568460421908264
1046,245,0.0005025901415324549
1047,664,0.0005861415978994748
1048,271,0.0007613079544348165
1049,88,0.0007124732355273592
1050,147,0.000842183502513058
1051,70,0.0008551424031777556
1052,63,0.000694109907582232
1053,20,0.0005192688622754491
1054,20,0.0005192688622754491
1055,20,0.0005192688622754491
1056,333,0.0003998418658666408
1057,333,0.0003998418658666408
1058,2,0.0007411403719256149
1059,2,0.0007411403719256149
1060,289,0.0007204671007872486
1061,229,0.0008343091211262098
1062,597,0.0008464133245258093
1063,291,0.0008269522884073463
1064,484,0.0008117289202594429
1065,101,0.0007104035244035243
1066,723,0.0006691957474587334
1067,301,0.0004527156586739152
1068,185,0.0006705549337260677
1069,413,0.0006461338711226352
1070,107,0.0004992504205006432
1071,107,0.0004992504205006432
1072,391,0.00048560523529977875
1073,391,0.00048560523529977875
1074,446,0.000619566341183228
1075,135,0.0005893154415392205
1076,430,0.0006244264621284755
1077,51,0.0004693741916227241
1078,43,0.00035905824952703374
1079,68,0.0007543740564163687
1080,32,0.0003221269936204147
1081,175,0.0005514211302211302
1082,279,0.00044511236501605216
1083,279,0.00044511236501605216
1084,279,0.00044511236501605216
1085,160,0.00040300531496062996
1086,438,0.0006925073768921249
1087,509,0.0006637145304025121
1088,74,0.0006512481635894381
1089,394,0.0006311981912641908
1090,843,0.0006570757170524763
1091,95,0.0007499776126795443
1092,156,0.00074547302087436
1093,230,0.0007538095796676442
1094,6,0.0007597421547071757
1095,6,0.0007597421547071757
1096,366,0.0005800491993054217
1097,1079,0.0006130208502572433
1098,179,0.00042046252087631395
1099,163,0.0004336941847879563
1100,281,0.000589242875206692
1101,354,0.0006627417423218081
1102,738,0.0007217278822872044
1103,866,0.0007692941284741394
1104,964,0.0007624179131703757
1105,366,0.0007582218792205287
1106,353,0.000662682507485753
1107,498,0.0008170702991045914
1108,498,0.0008170702991045914
1109,129,0.0006179235857439036
1110,584,0.0005687692743764173
1111,170,0.0004948947885939037
1112,835,0.000361013751730503
1113,45,0.00022143175709308114
1114,182,0.0003983341190335886
1115,506,0.000609110984199505
1116,24,0.0005431791699920192
1117,104,0.000681118368962787
1118,78,0.0007862837864655686
1119,56,0.0007543136435958632
1120,56,0.0007543136435958632
1121,352,0.0007411108964451315
1122,107,0.00043828910655981004
1123,668,0.0006260329958755155
1124,186,0.0007338933830748085
1125,16,0.000778993410543131
1126,390,0.00031863561116458135
1127,190,0.0003248894995093229
1128,1436,0.00043726337880377753
1129,1241,0.00048705684547638116
1130,146,0.0004797127932190025
1131,146,0.0004797127932190025
1132,146,0.0004797127932190025
1133,146,0.0004797127932190025
1134,182,0.00010411785503830289
1135,18,0.0002065352365741665
1136,8,0.0007372328137490009
1137,318,0.0007126908315565033
1138,175,0.0006435927272727272
1139,10,0.0005213232767232767
1140,40,0.00041809621513944225
1141,395,0.0005366237614237615
1142,955,0.0005388381560931082
1143,187,0.0005413377834494944
1144,215,0.00042026000978952525
1145,274,0.00048281487249367337
1146,11,0.00041864908600539405
1147,76,0.00043206173084557364
1148,85,0.00043167615270203275
1149,56,0.00044415314240254573
1150,298,0.00043371567294620315
1151,96,0.00035214540412044376
1152,718,0.0004332366113080799
1153,265,0.00034226614710180223
1154,125,0.0003674058271604938
1155,235,0.00036345715681485095
1156,146,0.00033984723043563965
1157,425,0.0004097559712230216
1158,311,0.00042174085927650085
1159,583,0.00026538202778040253
1160,12,0.0003670419496604075
1161,277,0.0006470061301936362
1162,174,0.000638576371142127
1163,52,0.0005597116991643454
1164,845,0.0005600732134624252
1165,54,0.000549107618858166
1166,54,0.000549107618858166
1167,799,0.0004216979349939809
1168,282,0.0005447183427348765
1169,55,0.00046136608652411746
1170,55,0.00046136608652411746
1171,50,0.0005918616915422886
1172,50,0.0005918616915422886
1173,423,0.0006157016214141802
1174,198,0.0004938323200627574
1175,198,0.0006497417140615808
1176,54,0.0006590477421921624
1177,242,0.0006799543057996484
1178,422,0.0005872439071195548
1179,380,0.0005896200385356454
1180,380,0.0005896200385356454
1181,83,0.00057652920757711
1182,266,0.0004766072472238457
1183,350,0.0004727391304347826
1184,593,0.0004583037855187388
1185,108,0.00048588979026513646
1186,71,0.0006967880051633404
1187,130,0.0007032187561697927
1188,130,0.0007032187561697927
1189,94,0.0007057267683772539
1190,756,0.0007225394198586834
1191,188,0.0007823354927365527
1192,612,0.000679067659253675
1193,1144,0.00051470944005743
1194,145,0.0004614896007885658
1195,424,0.0005208175364543362
1196,194,0.0002625595448302923
1197,332,0.0006745493612078978
1198,173,0.0007241114715423178
1199,593,0.0007380934579439253
1200,234,0.000763985147547391
1201,405,0.0007334031715521384
1202,735,0.000759294457382394
1203,463,0.0007790333556341394
1204,569,0.0006544452644526445
1205,228,0.0006508521705123192
1206,557,0.0007650370370370369
1207,88,0.0008006042823156226
1208,20,0.000706153892215569
1209,442,0.0007798787588584562
1210,292,0.0007912450446949087
1211,121,0.0008046135757336232
1212,100,0.0008978742574257425
1213,100,0.0008978742574257425
1214,350,0.0008761864734299516
1215,8,0.0008360497601918466
1216,121,0.0008267153443335639
1217,121,0.0008267153443335639
1218,85,0.0008170254833911749
1219,868,0.0005807986750092013
1220,480,0.0006023015267175573
1221,101,0.0006318580338580339
1222,40,0.0003701344621513944
1223,413,0.000610896379525593
1224,812,0.000625480577136515
1225,22,0.0006649475154659749
1226,7,0.0005838369141600879
1227,7,0.0005838369141600879
1228,652,0.0004365172737514082
1229,320,0.0004013170542635659
1230,320,0.0004013170542635659
1231,320,0.0004013170542635659
1232,407,0.0005241466320745652
1233,869,0.0004390462784064771
1234,386,0.00035791912189485846
1235,728,0.0004451030947054437
1236,321,0.00073227381067726
1237,321,0.00073227381067726
1238,141,0.0007452714722413963
1239,303,0.0009537305639134232
1240,194,0.0008475228565823034
1241,96,0.00033615828050713155
1242,1265,0.0003689345761207279
1243,512,0.00019553481735159816
1244,279,0.00038045082206440315
1245,82,0.0003321648482443959
1246,91,0.0006996906153998613
1247,375,0.0008608506987951806
1248,25,0.0009911271820448877
1249,213,0.0009728826006070696
1250,213,0.0009728826006070696
1251,384,0.001018017526964561
1252,113,0.0009965859784435874
1253,564,0.000691996024233245
1254,36,0.0006819445994420087
1255,882,0.0005930363903694174
1256,282,0.0004871435518381638
1257,46,0.0006040547481584712
1258,112,0.0006001121439873419
1259,67,0.0006027946756729911
1260,71,0.000476350709959289
1261,50,0.0004773460696517412
1262,515,0.0008202381359961958
1263,535,0.000815244803037494
1264,261,0.0008370143260890752
1265,261,0.0008370143260890752
1266,30,0.0007673232303090728
1267,266,0.0006861784531463083
1268,148,0.0005948352384706346
1269,151,0.0005081680622598759
1270,151,0.0005081680622598759
1271,231,0.0005520068419509334
1272,106,0.0005588345537304571
1273,526,0.0007111257837735132
1274,265,0.0006509309303458354
1275,5,0.000677904047976012
1276,5,0.000677904047976012
1277,496,0.0007270512576219512
1278,612,0.0007191038447041085
1279,117,0.0007103135316793515
1280,470,0.0007700638013371538
1281,389,0.0007642460294542305
1282,435,0.000765820028749401
1283,149,0.0006203036752389398
1284,117,0.0006358813877631709
1285,88,0.0006377093576526566
1286,535,0.000512025059326056
1287,803,0.0005516689808386559
1288,41,0.0006176791156259337
1289,422,0.0005568961811552485
1290,73,0.0004012391541745259
1291,531,0.0003402554363308328
1292,457,0.00033322291288132353
1293,15,0.0004570060908637045
1294,305,0.0005103565259582727
1295,283,0.0006928795098706602
1296,36,0.0006802887604623355
1297,36,0.0006802887604623355
1298,36,0.0006802887604623355
1299,229,0.0005040021507478737
1300,229,0.0005040021507478737
1301,229,0.0005040021507478737
1302,105,0.0006257650667986146
1303,41,0.0004943786475450652
1304,21,0.0004953653328011176
1305,410,0.00044433813640730067
1306,457,0.00041310509706416756
1307,19,0.0003634354726020561
1308,608,0.00038258823529411764
1309,73,0.000402908368906979
1310,183,0.0003808089953844643
1311,183,0.0003808089953844643
1312,27,0.00038673361922808417
1313,264,0.0005688191738113796
1314,23,0.0005398954404868801
1315,23,0.0005398954404868801
1316,139,0.0005432620574021107
1317,803,0.0007501012681662501
1318,404,0.000749152249134948
1319,404,0.000749152249134948
1320,38,0.0007420549910340706
1321,396,0.0007165013466717969
1322,362,0.0007468438525381201
1323,108,0.0008325265136525523
1324,38,0.000838332137876071
1325,88,0.0007850590800951627
1326,262,0.0005981736503605535
1327,232,0.0005079288506645817
1328,147,0.00046822174041588643
1329,36,0.00026610840972499003
1330,290,0.0003284997084548105
1331,348,0.0005315423270197139
1332,735,0.0005017086166744294
1333,37,0.0005073219089369333
1334,250,0.0006515726829268292
1335,752,0.0007218253348214286
1336,68,0.0007475226460071512
1337,68,0.0007475226460071512
1338,494,0.0007852738707833048
1339,239,0.0006012524660611388
1340,435,0.0005899591758505031
1341,197,0.0005784477787584584
1342,53,0.00028034318113995824
1343,93,0.00037805924898444464
1344,25,0.000189269825436409
1345,25,0.000189269825436409
1346,25,0.000189269825436409
1347,1143,0.0005669074755451854
1348,81,0.0006130346195813907
1349,597,0.0005831841087100123
1350,472,0.0006418802521008405
1351,60,0.000654544930417495
1352,217,0.0008660240775178623
1353,107,0.0009327697635302266
1354,723,0.0008576713606266902
1355,90,0.0008172277502477701
1356,791,0.0007316906681493837
1357,958,0.0007205396970250045
1358,168,0.0006814244689221086
1359,168,0.0006814244689221086
1360,120,0.0003945735177865613
1361,297,0.0003937939205593862
1362,722,0.0002862150718149599
1363,9,0.0003603930462583675
1364,70,0.0005909775571002979
1365,60,0.0007305495029821075
1366,60,0.0007305495029821075
1367,214,0.0008819984335226162
1368,1141,0.0008603654968135716
1369,75,0.0008484571712158809
1370,75,0.0008484571712158809
1371,138,0.0008154754389425923
1372,138,0.0008154754389425923
1373,328,0.0008004734701781565
1374,117,0.0008171681328457053
1375,137,0.0008155558843839401
1376,68,0.00039823182359952314
1377,2,0.00040085962807438503
1378,92,0.0003968446294094332
1379,342,0.0003007329336685361
1380,355,0.0003003553838725254
1381,1439,0.0003056732231838448
1382,70,0.0005873084409136048
1383,395,0.0005842287638287638
1384,312,0.0006096200543056633
1385,419,0.0007141069200499088
1386,216,0.000563038762725137
1387,331,0.0005618937179363082
1388,331,0.0005618937179363082
1389,464,0.00032911238532110093
1390,116,0.0006624930802688811
1391,116,0.0006624930802688811
1392,671,0.0006549599850060913
1393,321,0.0006771706230016471
1394,144,0.0006889863958990537
1395,443,0.0006936079670592742
1396,133,0.0007148275930129281
1397,133,0.0007148275930129281
1398,257,0.0006575704396997173
1399,257,0.0006575704396997173
1400,152,0.00035281855791962177
1401,5,0.0005577619190404798
1402,256,0.0006790883385335413
1403,256,0.0006790883385335413
1404,485,0.0007766872675250357
1405,485,0.0007766872675250357
1406,86,0.0007845472932778109
1407,86,0.0007845472932778109
1408,203,0.0009288232872684505
1409,1228,0.0008726382258639116
1410,6,0.0007160845492704377
1411,6,0.0007160845492704377
1412,6,0.0007160845492704377
1413,6,0.0007160845492704377
1414,88,0.0006476819984139572
1415,51,0.00044335329817928563
1416,47,0.000717433064596397
1417,47,0.000717433064596397
1418,33,0.0007631025615468953
1419,573,0.0008085824269365364
1420,50,0.0008002173134328357
1421,50,0.0008002173134328357
1422,50,0.0008002173134328357
1423,354,0.0006561027622175005
1424,367,0.0005170471689013215
1425,628,0.00029642397440722616
1426,29,0.0003141284275600758
1427,73,0.0003402541447433734
1428,81,0.0005538966372383693
1429,288,0.0005427519440124417
1430,106,0.0007518185236493172
1431,106,0.0007518185236493172
1432,341,0.0007347333913548012
1433,563,0.000719291678500426
1434,135,0.0006824410458806117
1435,19,0.0008660876334963569
1436,19,0.0010403048208404032
1437,163,0.0008252179474564597
1438,170,0.00087422930186824
1439,170,0.00087422930186824
1440,446,0.0008373955581083667
1441,872,0.0006392433774834438
1442,3,0.0005340389883035089
1443,264,0.00048307696804364777
1444,359,0.0004786467805772758
1445,118,0.0004900476378730974
1446,569,0.0004966142492194152
1447,36,0.00044141430848943804
1448,12,0.0003525647223332002
1449,94,0.00038148523875569646
1450,203,0.0006124271292757033
1451,569,0.0005081706878607247
1452,142,0.0005508379017945178
1453,115,0.0006221328719723183
1454,306,0.0006789836988162235
1455,11,0.00047614863649985014
1456,242,0.0003981886350322203
1457,366,0.0005477871888867451
1458,245,0.00040804392386530015
1459,236,0.0002179581867917155
1460,369,0.0002954122866235895
1461,53,0.0003016556251865115
1462,275,0.00027317372262773725
1463,206,0.00040132961003331376
1464,362,0.0004939816637714727
1465,124,0.0004435365468194389
1466,38,0.00041393086272165775
1467,117,0.00041069862607492343
1468,117,0.00041069862607492343
1469,281,0.0003045229063320689
1470,281,0.0003045229063320689
1471,694,0.00029276229661492426
1472,414,0.00030063376224313425
1473,336,0.00030448006965944275
1474,4,0.00031458476609356263
1475,158,0.0003098155148651309
1476,125,0.00021080079012345682
1477,67,0.0004030249329492401
1478,375,0.0005668262168674698
1479,22,0.000513167631211335
1480,84,0.00051001249504165
1481,101,0.0004898940698940699
1482,101,0.0004898940698940699
1483,5,0.0005970624687656171
1484,41,0.0009515494472662085
1485,25,0.0007926152618453864
1486,153,0.0007826226731015463
1487,743,0.00036586204970678584
1488,113,0.0005076570750519134
1489,113,0.0005076570750519134
1490,163,0.00042298514218242644
1491,375,0.0004925530602409639
1492,1228,0.0004981572853580336
1493,142,0.0002660824295010846
1494,619,0.0006582827008192862
1495,50,0.0006514181094527363
1496,84,0.0006492217374057913
1497,335,0.0007291123367198838
1498,615,0.0007446353273669336
1499,208,0.0007610660266457681
1500,351,0.0007505518307409912
1501,817,0.00048824886752334287
1502,159,0.0005094654985726943
1503,149,0.0006614700955759189
1504,689,0.0007419990644587893
1505,92,0.0007581648830757035
1506,237,0.000740602324899873
1507,483,0.0006661245826576361
1508,101,0.0006888777348777349
1509,1087,0.000699810408586633
1510,139,0.0004884122694545812
1511,54,0.00045943147006166694
1512,487,0.0004994198531515209
1513,770,0.0005649392757660167
1514,44,0.0005684384707287933
1515,64,0.0005136889904610493
1516,48,0.000541689092356688
1517,951,0.0004970223723860835
1518,881,0.0008391677235548203
1519,362,0.0008250169851380041
1520,128,0.0008440783965244866
1521,259,0.0009552084998537869
1522,259,0.0009552084998537869
1523,122,0.0008878314562339459
1524,442,0.0008829898486879907
1525,321,0.0008686348222071505
1526,489,0.0010429890361330918
1527,24,0.0010184878292098963
1528,194,0.000901081812831077
1529,247,0.0009424053869425198
1530,1106,0.0008168004682153791
1531,460,0.0008913554493307839
1532,165,0.0008943915395966552
1533,165,0.0008943915395966552
1534,129,0.000690279198341396
1535,3,0.0006511934419674097
1536,609,0.0006582543123762843
1537,816,0.0005740802514792899
1538,215,0.0006082921194322075
1539,85,0.0006063061973227565
1540,85,0.0006063061973227565
1541,154,0.000578210951349222
1542,369,0.0003598979650882438
1543,301,0.000475531307640035
1544,71,0.00048639142091152815
1545,33,0.0005156979966111831
1546,24,0.00029954928172386275
1547,57,0.000726671969772298
1548,232,0.0006108870211102423
1549,649,0.0006228389520142736
1550,216,0.000934139389193422
1551,216,0.000934139389193422
1552,546,0.001071087616157785
1553,226,0.001253723841189126
1554,355,0.001238105263157895
1555,204,0.0012564268914151315
1556,315,0.0012429064469219582
1557,179,0.001245051576775715
1558,111,0.0010484217189199883
1559,387,0.0009258126504284202
1560,539,0.0006403973811557074
1561,648,0.00076340007513148
1562,220,0.0008285704500978472
1563,22,0.0009453296747156257
1564,153,0.0005554131783709248
1565,153,0.0005554131783709248
1566,139,0.0005637903146266891
1567,246,0.0006578524302166699
1568,246,0.0006578524302166699
1569,246,0.0006578524302166699
1570,324,0.000796690817512592
1571,867,0.0009396407472163431
1572,10,0.0009722949050949052
1573,206,0.0009350523221634334
1574,206,0.0009350523221634334
1575,46,0.000850785188134581
1576,34,0.0005609872433725334
1577,34,0.0005609872433725334
1578,644,0.0005594603532506576
1579,135,0.0005875575727676369
1580,727,0.000752222988720052
1581,727,0.000752222988720052
1582,207,0.0005608139512099541
1583,51,0.0005503488210128345
1584,773,0.0005394410099322381
1585,8,0.0005475785371702638
1586,173,0.000534609259805367
1587,173,0.000534609259805367
1588,426,0.0005932065988873969
1589,345,0.0007255845335911069
1590,239,0.0007200449262623303
1591,784,0.000683655415430267
1592,991,0.000588939132017105
1593,702,0.0005038538590917585
1594,338,0.0005778504546333914
1595,779,0.0006449188236385563
1596,335,0.000628202999516207
1597,103,0.0006426287241413441
1598,103,0.0006426287241413441
1599,214,0.0006356449970628549
1600,5,0.0006489233383308346
1601,1455,0.0004742950676560454
1602,519,0.0005548888677630953
1603,519,0.0005548888677630953
1604,294,0.0006461806877792889
1605,186,0.0006787486746514824
1606,596,0.000714847678369196
1607,669,0.000491063267410254
1608,59,0.0004450857938164827
1609,51,0.00025034782608695654
1610,4,0.0003779938024790084
1611,4,0.0003779938024790084
1612,4,0.0003779938024790084
1613,4,0.0003779938024790084
1614,285,0.00037632493923189114
1615,587,0.00037803400396712954
1616,406,0.00044746530847587936
1617,320,0.00048655620155038757
1618,43,0.0005100720900129443
1619,43,0.0005100720900129443
1620,1098,0.0005944699945936205
1621,496,0.0007465912728658537
1622,645,0.0006691594175669329
1623,40,0.0005665490039840637
1624,40,0.0005665490039840637
1625,40,0.0005665490039840637
1626,214,0.0005346747601331506
1627,78,0.0005816779122841835
1628,78,0.0005816779122841835
1629,78,0.0005816779122841835
1630,109,0.0006179592442378079
1631,109,0.0006179592442378079
1632,44,0.0004902142572680207
1633,102,0.0008547095624628786
1634,36,0.000714272419290554
1635,496,0.000694549161585366
1636,151,0.0007774270515220176
1637,379,0.0007725613257539262
1638,638,0.0005889894717052077
1639,761,0.0005256398104265402
1640,261,0.0006164367995322094
1641,982,0.0005759659442724458
1642,35,0.0005908984554060787
1643,51,0.0006742903193712068
1644,240,0.0007382853515624999
1645,520,0.0007186351711026616
1646,344,0.000689733758700696
1647,249,0.0007751396233778904
1648,131,0.0004470889349521271
1649,182,0.0005244401885680613
1650,206,0.0004004920634920634
1651,82,0.00040541777425114067
1652,835,0.0005208518689432395
1653,326,0.000546526244431532
1654,165,0.0005808849975405803
1655,435,0.0005179584091998083
1656,598,0.0005099920739762219
1657,164,0.00046861786698150336
1658,328,0.0006224694035631294
1659,230,0.0006342860215053763
1660,162,0.0006385304074001181
1661,99,0.0006913801366471929
1662,262,0.0007376499707659325
1663,24,0.0007551640063846768
1664,350,0.0004415963285024155
1665,22,0.0004560488924366394
1666,22,0.0004560488924366394
1667,395,0.0005777035113035112
1668,395,0.0005777035113035112
1669,113,0.0003725897359833877
1670,866,0.0004104148720780416
1671,103,0.0005714126497080076
1672,739,0.0007275837601266412
1673,585,0.0007557383089277278
1674,673,0.0005916576407757894
1675,188,0.0006198235178641539
1676,132,0.00028691610738255035
1677,34,0.00030438808052621086
1678,66,0.00031406079872839263
1679,252,0.0006186449473273507
1680,252,0.0006186449473273507
1681,98,0.0007187581699346406
1682,140,0.0007435207100591716
1683,141,0.0006215556651217829
1684,27,0.0005426833549416575
1685,27,0.0005426833549416575
1686,331,0.000543671280611751
1687,349,0.0005415788965117403
1688,64,0.0003672565580286168
1689,607,0.0003324540397850476
1690,119,0.0003484870046447277
1691,245,0.0004662022449975597
1692,245,0.0004662022449975597
1693,84,0.0004484892899642999
1694,82,0.000357318587581829
1695,28,0.0007236802951735142
1696,765,0.0007610093822573154
1697,1442,0.0007003202237371089
1698,165,0.0005529438268568618
1699,335,0.00031707169811320753
1700,15,0.00032720279580629056
1701,15,0.00032720279580629056
1702,1033,0.0005262119097253693
1703,1033,0.0005262119097253693
1704,727,0.0005130347720704763
1705,318,0.0005198236092265943
1706,24,0.0005004986033519552
1707,200,0.0006106054901960783
1708,412,0.000661121014214368
1709,190,0.0006851996074582925
1710,353,0.0006744116681155219
1711,62,0.0007453124627310674
1712,1221,0.0004459581142500668
1713,476,0.0006954860633829706
1714,476,0.0006954860633829706
1715,386,0.0008837602541883305
1716,236,0.0009357286049237984
1717,150,0.0008426364532019705
1718,187,0.0006009357023657603
1719,187,0.0006009357023657603
1720,249,0.0006180554200409796
1721,419,0.0004266221326422881
1722,542,0.0004422523240371846
1723,1073,0.0005519763388422289
1724,127,0.00048811810012836974
1725,8,0.0007283301358912868
1726,8,0.0007283301358912868
1727,8,0.0007283301358912868
1728,106,0.0007212673659212348
1729,111,0.0007209106913262782
1730,111,0.0007209106913262782
1731,111,0.0007209106913262782
1732,599,0.0006877184640060382
1733,39,0.0006450740113557126
1734,752,0.0006817702752976191
1735,472,0.0006743309778456837
1736,89,0.0006999300227971058
1737,38,0.0007034861526200438
1738,251,0.0007441309140571651
1739,211,0.0008774621486632064
1740,114,0.0007939386988333005
1741,7,0.0007722770060957329
1742,7,0.0007722770060957329
1743,227,0.0006918998728854992
1744,192,0.000577554748822606
1745,192,0.000577554748822606
1746,192,0.000577554748822606
1747,89,0.0007581653285756764
1748,64,0.0008406488473767886
1749,64,0.0008406488473767886
1750,31,0.0008932471338849566
1751,488,0.0009765665522501908
1752,124,0.000915017779533781
1753,416,0.0007985155529953916
1754,61,0.0007405301659874764
1755,72,0.000557708895949166
1756,72,0.000557708895949166
1757,72,0.000557708895949166
1758,72,0.00046300536139793486
1759,592,0.0004747539652567976
1760,810,0.000476554301572618
1761,67,0.0004971045991854575
1762,549,0.0002140233197459475
1763,419,0.00021669373260389672
1764,309,0.0006282987680667378
1765,74,0.0005362594798491166
1766,17,0.0005393109713487072
1767,736,0.0005031928092399404
1768,83,0.0004862717445204801
1769,138,0.00020906056421384888
1770,528,0.00048240691489361703
1771,653,0.0005462303576457336
1772,814,0.0005463928241168856
1773,211,0.0005316435216922926
1774,74,0.0004968632122295017
1775,174,0.0004919795557302929
1776,221,0.0003300213286371197
1777,97,0.00042405308507477467
1778,97,0.00042405308507477467
1779,23,0.000761784495659982
1780,103,0.000800650103929526
1781,768,0.0008855568350668646
1782,137,0.0008374838709677419
1783,137,0.0008374838709677419
1784,277,0.000874624501313613
1785,308,0.000932547923942569
1786,100,0.0010010550495049505
1787,311,0.0013199813791096888
1788,44,0.0012239123855037834
1789,9,0.001228192226995704
1790,170,0.0012585028515240905
1791,497,0.0012192982756978183
1792,106,0.0010612297644963388
1793,78,0.001038316927961897
1794,254,0.0010081339964891748
1795,43,0.0010293145474459823
1796,209,0.0010125777255362914
1797,345,0.0004163630739487675
1798,395,0.0005372709956709957
1799,164,0.0005234596615505706
1800,41,0.0004719093715765362
1801,158,0.00046647391218743845
1802,796,0.0009362565765098184
1803,205,0.0009456597746202842
1804,205,0.0009456597746202842
1805,205,0.0009456597746202842
1806,198,0.0009840674642086684
1807,174,0.0009863888342834678
1808,52,0.000903451054516514
1809,52,0.000903451054516514
1810,230,0.0008877311827956988
1811,499,0.0008649861891608724
1812,31,0.0009053424384408333
1813,31,0.0009053424384408333
1814,549,0.0003981186842354726
1815,203,0.00044801822993237284
1816,71,0.00042961374242875586
1817,667,0.00046345326708540355
1818,102,0.000593891704612948
1819,150,0.0005910831527093596
1820,49,0.0005970239824858195
1821,12,0.000603170195765082
1822,583,0.0007607385429462345
1823,10,0.000801220979020979
1824,331,0.00041303649211112185
1825,421,0.00040946934075424625
1826,196,0.00032211788936837974
1827,251,0.0002698796215003414
1828,587,0.00042115953527911595
1829,151,0.0006049652251009752
1830,340,0.0005605
1831,45,0.0006351068193130911
1832,331,0.0008367379730906979
1833,266,0.0007952024157412817
1834,90,0.0008738897918731418
1835,90,0.0008738897918731418
1836,39,0.0008206576352226318
1837,273,0.0008019645673123722
1838,273,0.0008019645673123722
1839,596,0.000558624952812382
1840,499,0.0006361390608629393
1841,219,0.000600266562285938
1842,33,0.0006739057111531944
1843,149,0.0006123667356389791
1844,783,0.0005965699712510434
1845,50,0.000615835024875622
1846,369,0.0006368157006461569
1847,81,0.0006719045729590319
1848,1015,0.0006919400817067635
1849,197,0.0007315447680690399
1850,92,0.0005101981767736821
1851,81,0.00044838071619878974
1852,85,0.0006318278631631136
1853,85,0.0006318278631631136
1854,454,0.0006095259230916397
1855,50,0.0006340282587064677
1856,639,0.0006410510386314504
1857,25,0.0006907203990024938
1858,33,0.0006901696401873818
1859,102,0.0006058525044545633
1860,102,0.0006058525044545633
1861,456,0.0005381989288446825
1862,371,0.00053327644393019
1863,371,0.00053327644393019
1864,282,0.0005514078972962458
1865,9,5.93310020981117e-05
1866,61,0.0004567828247689097
1867,56,0.0007476239061256962
1868,94,0.000688848424806816
1869,321,0.0007202398992345704
1870,194,0.0007292128703158721
1871,604,0.00023875575254620902
1872,349,0.0004285787998840468
1873,217,0.0004341158852892238
1874,217,0.0004341158852892238
1875,217,0.0004341158852892238
1876,661,0.0004898135259356533
1877,171,0.0005932476649297021
1878,171,0.0005932476649297021
1879,614,0.0007312813265498398
1880,137,0.000765692019335109
1881,137,0.000765692019335109
1882,146,0.000511280701754386
1883,215,0.0005078271169848262
1884,128,0.00032698894154818323
1885,1286,0.0005234054580896686
1886,218,0.0009684274809160304
1887,350,0.0009303690821256039
1888,268,0.0009463562524347488
1889,49,0.0009669803960593094
1890,454,0.0009727057585613162
1891,282,0.0011525526162225249
1892,118,0.0010114749950583118
1893,118,0.0010114749950583118
1894,521,0.0009483505370211959
1895,8,0.0008918894884092726
1896,8,0.0008918894884092726
1897,8,0.0008918894884092726
1898,96,0.0008709688985736926
1899,89,0.0009433660422242044
1900,334,0.0009619496806657635
1901,334,0.0009619496806657635
1902,99,0.0007034429151401128
1903,476,0.0006474673539518901
1904,476,0.0006474673539518901
1905,19,0.0006770004990518016
1906,23,0.0004648715953307392
1907,23,0.0004648715953307392
1908,23,0.0004648715953307392
1909,23,0.0004648715953307392
1910,88,0.0005919210943695481
1911,31,0.0006310232279932211
1912,211,0.000619899520125355
1913,74,0.00043967699027198736
1914,425,0.0004952339568345324
1915,221,0.0004547265433910576
1916,53,0.00043720779866706456
1917,53,0.00043720779866706456
1918,938,0.0004318884622417261
1919,588,0.0003888143180959577
1920,244,0.0005621233893010544
1921,357,0.0006325837597759969
1922,732,0.0008059442787923967
1923,68,0.0009741511720301946
1924,193,0.0009098716766408319
1925,485,0.0009077724368144968
1926,251,0.0008714829772705102
1927,426,0.0006581941300594667
1928,480,0.0005611646946564885
1929,400,0.0005453488461538462
1930,57,0.0005639482947200954
1931,230,0.0007253599217986314
1932,37,0.0007755391053103517
1933,214,0.0008145537497552378
1934,96,0.000786097266244057
1935,115,0.0007846206623826001
1936,54,0.0007302709369405211
1937,197,0.0007142108463273511
1938,1165,0.0006275770712046573
1939,794,0.000810319807300352
1940,29,0.0008721300229334928
1941,164,0.0006870531286894924
1942,886,0.0002995469410251699
1943,182,0.000279232960125712
1944,36,0.00028329513750498204
1945,134,0.00028055555555555554
1946,36,0.0003201550418493423
1947,29,0.00021938817429454578
1948,141,0.0003490091706932255
1949,141,0.0003490091706932255
1950,271,0.0005429630999902638
1951,716,0.0005377730496453901
1952,168,0.0005649740361919749
1953,338,0.0005696196556393886
1954,338,0.0005696196556393886
1955,310,0.0005020475266731329
1956,402,0.001092049798115747
1957,834,0.0010582637991508215
1958,338,0.001098810408202747
1959,95,0.0011357335314512134
1960,185,0.0011809843888070694
1961,176,0.0011334251179245284
1962,433,0.0004911153071983131
1963,480,0.0002438950381679389
1964,265,0.0004726143205065757
1965,300,0.000516484077669903
1966,154,0.0007038763049044711
1967,250,0.0006972839024390244
1968,97,0.0007078498563929882
1969,369,0.0006892815121998265
1970,296,0.0006941686091686092
1971,396,0.0006171971912273951
1972,588,0.0005918003400075558
1973,24,0.0004980315243415803
1974,108,0.0004371007123070836
1975,415,0.0003688326452232357
1976,402,0.00041422899442414925
1977,209,0.0005224243314722304
1978,396,0.0005312885725278953
1979,1264,0.0007381239346590909
1980,110,0.0008115683481701287
1981,110,0.0008115683481701287
1982,188,0.0008015151158225364
1983,188,0.0008015151158225364
1984,261,0.0006445208069388948
1985,141,0.0006728949807711271
1986,1230,0.0004998942119323242
1987,431,0.0005498374077269676
1988,109,0.0005658429122564052
1989,477,0.0005563976329101843
1990,58,0.0005795762577053092
1991,313,0.0005652456123339474
1992,506,0.0004426792309156672
1993,135,0.00045888386778490377
1994,231,0.0005073144365164696
1995,231,0.0005073144365164696
1996,231,0.0005073144365164696
1997,683,0.0005677614902181035
1998,164,0.0005967528532073986
1999,251,0.0005916882255389718
2000,460,0.00018664053537284896
2001,591,0.0002695987158908507
2002,494,0.00027209071850581285
2003,58,0.0005742752038178564
2004,58,0.0005742752038178564
2005,58,0.0005742752038178564
2006,68,0.0005540725069527214
2007,45,0.0005900591338974614
2008,45,0.0005900591338974614
2009,45,0.0005900591338974614
2010,72,0.0004955832009531373
2011,72,0.0004955832009531373
2012,482,0.0008772932646441519
2013,208,0.0008843148510971787
2014,290,0.0010110896015549076
2015,135,0.0012045712876171683
2016,9,0.001190324907583175
2017,177,0.0012454454161344207
2018,168,0.0012246603068450039
2019,94,0.0012022948286110563
2020,94,0.0012022948286110563
2021,94,0.0012022948286110563
2022,484,0.0011701066386875238
2023,56,0.0011499848846459825
2024,666,0.0011835000937558597
2025,666,0.0011835000937558597
2026,232,0.0012134507427677874
2027,166,0.0010445579382254576
2028,200,0.0009926072549019608
2029,415,0.0009330014402304369
2030,201,0.0008796655229879422
2031,306,0.0009290739375121289
2032,450,0.0009463575119617225
2033,291,0.0007463869400446992
2034,221,0.0007104852754133646
2035,473,0.0006878472262007067
2036,7,0.0009675519136604378
2037,7,0.0009675519136604378
2038,338,0.000945762429870381
2039,506,0.0007881934132876451
2040,228,0.0007966587798201016
2041,256,0.000892591848673947
2042,276,0.0008908546126897626
2043,82,0.0009519722277325928
2044,229,0.0006990118291133053
2045,229,0.0006990118291133053
2046,337,0.0007491014801199574
2047,557,0.0007334907644217108
2048,95,0.0006738787518573552
2049,795,0.0006967955534969893
2050,287,0.0007312052104598036
2051,199,0.0008317556623198354
2052,45,0.0011494592334494772
2053,330,0.0013452755082284608
2054,385,0.0012974784785748676
2055,110,0.0012675938674579625
2056,110,0.0012675938674579625
2057,110,0.0012675938674579625
2058,110,0.0012675938674579625
2059,1452,0.0011028321690534405
2060,624,0.0011301272590361446
2061,430,0.0011709581975071907
2062,308,0.0011728566162204112
2063,458,0.001113742015681775
2064,71,0.0011294461324595374
2065,205,0.0005415482606565409
2066,566,0.0005982004542873367
2067,382,0.0007174145636678867
2068,66,0.000625333399562885
2069,316,0.0007542487398216363
2070,295,0.00043667897037396794
2071,179,0.00032317005599764224
2072,179,0.00032317005599764224
2073,293,0.0004454473914310697
2074,255,0.00042740516821062897
2075,133,0.00034506562715878815
2076,795,0.0004765571097730431
2077,230,0.0004777964809384164
2078,481,0.00045261597175842
2079,281,0.0005075337029471841
2080,169,0.0007356550299931164
2081,152,0.0007368869188337274
2082,58,0.0004288264068403261
2083,129,0.0004749860795735018
2084,246,0.0005402268202225258
2085,378,0.0005030414338022741
2086,3,0.00046346775967209846
2087,3,0.00046346775967209846
2088,339,0.0002689821065867105
2089,348,0.00016424700425202938
2090,796,0.00061147258243794
2091,116,0.0006525759193357058
2092,116,0.0006525759193357058
2093,455,0.0005750196078431373
2094,193,0.00046549180810360053
2095,129,0.0004967949452068318
2096,133,0.0005738549294384684
2097,418,0.0006585369552697256
2098,478,0.000673303683909143
2099,372,0.0005843669494793675
2100,372,0.0005843669494793675
2101,835,0.000671910290724504
2102,835,0.000671910290724504
2103,235,0.0007461688324377138
2104,835,0.0007658770650669128
2105,372,0.0008725678750482067
2106,190,0.0005709401373895977
2107,408,0.0005474229438893159
2108,73,0.0004460931202223767
2109,422,0.0004732726923815006
2110,413,0.00037838279074234126
2111,90,0.00040111992071357777
2112,90,0.00040111992071357777
2113,314,0.0006872416133410898
2114,19,0.0007074767940912267
2115,47,0.0006990028864337614
2116,47,0.0006990028864337614
2117,801,0.0006670702712711786
2118,466,0.000460621823046054
2119,468,0.0004544742071073749
2120,170,0.0005514552605703048
2121,36,0.0006451998804304504
2122,168,0.0006151959087332809
2123,31,0.0006057527664240854
2124,153,0.0005984739485866247
2125,743,0.00056993186260821
2126,44,0.00034077777777777774
2127,542,0.0005062684500094859
2128,542,0.0005062684500094859
2129,107,0.0005925394281191252
2130,7,0.0005258261217147997
2131,12,0.00043044826208549734
2132,12,0.00043044826208549734
2133,101,0.0005228632808632809
2134,101,0.0005228632808632809
2135,20,0.00039322255489021953
2136,20,0.00039322255489021953
2137,131,0.00038891422366992397
2138,316,0.000347801667312912
2139,316,0.000347801667312912
2140,121,0.00039955696077462703
2141,158,0.0004093874778499706
2142,158,0.0004093874778499706
2143,390,0.00040024619826756506
2144,223,0.0004067845055267534
2145,120,0.0009393806324110672
2146,55,0.001121280755842864
2147,279,0.0009367072672438953
2148,222,0.0009419305419683036
2149,501,0.0009169044852871155
2150,256,0.0009388079173166926
2151,304,0.0009506356754658386
2152,304,0.0009506356754658386
2153,1056,0.0009496485166425469
2154,44,0.0003029348864994026
2155,56,0.0003694622116149563
2156,56,0.0003694622116149563
2157,690,0.00037224845650140313
2158,109,0.00037132614501928976
2159,66,0.0003622990264255911
2160,66,0.0003622990264255911
2161,978,0.0004176582255419931
2162,220,0.00030046399217221136
2163,68,0.0004225651569328566
2164,656,0.0005750983483483483
2165,442,0.0009589329630339016
2166,1372,0.0009053397819205065
2167,68,0.0008719046483909416
2168,251,0.0008563394790752121
2169,427,0.0008418851059748729
2170,754,0.00034027227078296454
2171,18,0.0003652713116390497
2172,193,0.00041538938487197094
2173,188,0.0003554418924224578
2174,783,0.0003474231660947788
2175,1004,0.0003627195565249
2176,596,0.0003390313325783314
2177,62,0.0005043875968992248
2178,575,0.0007290789598108746
2179,147,0.000836939193850399
2180,878,0.0008214721456150028
2181,8,0.0008878395283772982
2182,30,0.0009573595214356929
2183,30,0.0009573595214356929
2184,30,0.0009573595214356929
2185,96,0.0008243716323296354
2186,96,0.0008243716323296354
2187,96,0.0008243716323296354
2188,22,0.0007085903013370583
2189,202,0.0003471883944324642
2190,9,0.00022672494754720753
2191,173,0.0002230698908876438
2192,173,0.0002230698908876438
2193,2,0.00037227454509098187
2194,105,0.00036847996041563586
2195,297,0.0003868709332815383
2196,17,0.00044909513826494956
2197,17,0.00044909513826494956
2198,17,0.00044909513826494956
