model,w1,NLL,AIC,mean,phi1,phi2,bootstrap
mixture,0.005,5932331.75761191,11864669.51522382,24.13463738048982,0.001180738644361007,0.05,boot_1
mixture,0.01,5932815.3388668075,11865636.677733615,30.922762012818012,0.0013727885390535264,0.04188115083897097,boot_1
mixture,0.015,5938304.316591348,11876614.633182695,39.566561005177164,0.0013880985305873403,0.03424846664121949,boot_1
mixture,0.02,5943851.183370156,11887708.366740312,47.03002996744469,0.0014064271397700395,0.0298693074212527,boot_1
mixture,0.025,5949068.197223577,11898142.394447153,53.753977327170674,0.0014242143515259687,0.026933374404672753,boot_1
mixture,0.05,5969916.86323192,11939839.72646384,81.41968725997293,0.0014975921718996213,0.019778167817218355,boot_1
mixture,0.07500000000000001,5984915.217198022,11969836.434396043,103.78738845919383,0.0015537334520048308,0.016661694996852203,boot_1
mixture,0.10000000000000002,5996564.817035373,11993135.634070747,123.20085337080548,0.0016001739835760603,0.014825149990520517,boot_1
mixture,0.12500000000000003,6006075.382068746,12012156.764137492,140.6069192956844,0.001640329032877334,0.013586387762867995,boot_1
mixture,0.15000000000000002,6014101.807088558,12028209.614177115,156.5175443533675,0.0016759846815215507,0.012683174953848185,boot_1
mixture,0.17500000000000004,6021037.203234193,12042080.406468386,171.25000691799946,0.0017082356738164603,0.011990385697548655,boot_1
mixture,0.20000000000000007,6027136.059944541,12054278.119889082,185.02922499817566,0.0017377162187355436,0.011439089858617872,boot_1
mixture,0.22500000000000003,6032572.703921928,12065151.407843856,198.02096751932362,0.0017648702384131768,0.010987789340211341,boot_1
mixture,0.25000000000000006,6037471.877594987,12074949.755189974,210.3448353032926,0.001790072209605133,0.010610355048801109,boot_1
mixture,0.2750000000000001,6041925.990445761,12083857.980891522,222.09593885702128,0.0018135823476372916,0.010289182799887945,boot_1
mixture,0.3000000000000001,6046005.453976341,12092016.907952681,233.35101969781152,0.0018356078311769213,0.010011811428942216,boot_1
mixture,0.32500000000000007,6049765.182535368,12099536.365070736,244.17343729160743,0.001856308831485285,0.00976918511294758,boot_1
mixture,0.3500000000000001,6053248.85079576,12106503.70159152,254.6111487415152,0.0018758368392219492,0.009554923307829954,boot_1
mixture,0.3750000000000001,6056491.7782834275,12112989.556566855,264.7060783560661,0.001894319653866322,0.009363881663573447,boot_1
mixture,0.4000000000000001,6059522.941123211,12119051.882246422,274.4946140314178,0.0019118450407301561,0.009192213328992865,boot_1
mixture,0.4250000000000001,6062366.410423977,12124738.820847955,284.0027398602154,0.0019285234023833243,0.009037060840594677,boot_1
mixture,0.4500000000000001,6065042.403484284,12130090.806968568,293.262600966367,0.0019444078577764035,0.008895405012687436,boot_1
mixture,0.47500000000000014,6067568.066432079,12135142.132864159,302.2923096420174,0.001959541402231076,0.008766268201802417,boot_1
mixture,0.5000000000000002,6069958.067629013,12139922.135258026,311.1054876785386,0.008647532203832057,0.0019740567584569002,boot_1
null,,6101206.096397087,12202414.192794174,459.22321685507336,0.002177590250877039,,boot_1
sum,,6134392.249848451,12268786.499696903,649.7621342511337,0.0030780494808381647,,boot_1
mixture,0.005,5932761.158675694,11865528.317351388,24.12996475810019,0.001182042945021049,0.05,boot_2
mixture,0.01,5933023.262973194,11866052.525946388,30.795071763596848,0.001378282065268518,0.04205667714375763,boot_2
mixture,0.015,5938443.503505034,11876893.007010069,39.42057542962506,0.0013930592941857282,0.034376965158299966,boot_2
mixture,0.02,5943933.839966394,11887873.679932788,46.874714011565715,0.0014109446312285724,0.029969590033879938,boot_2
mixture,0.025,5949103.323406064,11898212.646812128,53.59289422679382,0.0014283910701740044,0.02701528142110743,boot_2
mixture,0.05,5969792.384688837,11939590.769377675,81.2446709425443,0.0015008710225528576,0.01982028946349333,boot_2
mixture,0.07500000000000001,5984694.881629978,11969395.763259957,103.60792240330869,0.0015566036383210847,0.016688888437429134,boot_2
mixture,0.10000000000000002,5996277.534715852,11992561.069431704,123.01969495902429,0.001602806437538836,0.014844349701176268,boot_2
mixture,0.12500000000000003,6005737.504463493,12011481.008926986,140.4232330170939,0.0016428286948558738,0.013600692600890862,boot_2
mixture,0.15000000000000002,6013723.80808128,12027453.61616256,156.3286329441097,0.001678420333895281,0.012694356894952788,boot_2
mixture,0.17500000000000004,6020626.328284965,12041258.65656993,171.05701567289373,0.0017106123725932326,0.011999219794199103,boot_2
mixture,0.20000000000000007,6026697.588098873,12053401.176197747,184.83076738555255,0.0017400644132443662,0.01144615049811722,boot_2
mixture,0.22500000000000003,6032110.628960355,12064227.25792071,197.81279106449807,0.0017672269813941936,0.010993737303276593,boot_2
mixture,0.25000000000000006,6036989.309246852,12073984.618493704,210.12540158346042,0.001792443374054597,0.010615563765915293,boot_2
mixture,0.2750000000000001,6041425.406397839,12082856.812795678,221.864133270006,0.0018159791468072403,0.01029381000103697,boot_2
mixture,0.3000000000000001,6045488.8660538,12090983.7321076,233.10843119297883,0.0018380173941617889,0.010015870351588794,boot_2
mixture,0.32500000000000007,6049234.250521483,12098474.501042966,243.91652156565388,0.0018587500768191866,0.009772999973146361,boot_2
mixture,0.3500000000000001,6052704.962864571,12105415.925729143,254.3398523120137,0.001878314414091181,0.009558462032613443,boot_2
mixture,0.3750000000000001,6055936.1093091685,12111878.218618337,264.420894891575,0.0018968241705958444,0.009367222070031397,boot_2
mixture,0.4000000000000001,6058956.495829957,12117918.991659913,274.1938185758461,0.0019143869788874406,0.009195451944362594,boot_2
mixture,0.4250000000000001,6061790.056012913,12123586.112025825,283.6898278524273,0.0019310806228635502,0.009040055978668138,boot_2
mixture,0.4500000000000001,6064456.894566514,12128919.789133027,292.93285565175546,0.0019469905761120199,0.00889867857754081,boot_2
mixture,0.47500000000000014,6066974.064673553,12133954.129347106,301.9442838104506,0.0019621904152065583,0.008769310072581785,boot_2
mixture,0.5000000000000002,6069356.15736745,12138718.3147349,310.73410110907,0.008651588047131493,0.001976743665732151,boot_2
null,,6100510.60655211,12201023.21310422,458.5747645622587,0.002180669494437988,,boot_2
sum,,6133647.666473513,12267297.332947025,648.8322576616367,0.0030824607999730366,,boot_2
mixture,0.005,5931460.992787584,11862927.985575167,24.115091135057405,0.00118621397255552,0.05,boot_3
mixture,0.01,5931725.608323575,11863457.21664715,30.605335843864005,0.0013884750100556578,0.04230192612772323,boot_3
mixture,0.015,5937220.797957621,11874447.595915241,39.17940460392124,0.001403133104107886,0.0345746957368895,boot_3
mixture,0.02,5942753.255299152,11885512.510598304,46.58538300040302,0.001421011834631681,0.030143731899803742,boot_3
mixture,0.025,5947949.561733028,11895905.123466056,53.261782037800415,0.001438404916152491,0.027172838589156076,boot_3
mixture,0.05,5968686.882023922,11937379.764047844,80.76430706138868,0.0015103946214209294,0.019932700648743026,boot_3
mixture,0.07500000000000001,5983592.871304935,11967191.74260987,103.03057383555634,0.0015656478850058617,0.016779411483221283,boot_3
mixture,0.10000000000000002,5995168.093055976,11990342.186111951,122.37049379500021,0.001611464653470191,0.01492162523071649,boot_3
mixture,0.12500000000000003,6004617.274634098,12009240.549268195,139.71774092567276,0.0016511703791812634,0.013668914078995216,boot_3
mixture,0.15000000000000002,6012591.829280568,12025189.658561137,155.57764968764445,0.0016864973089368268,0.012755884401371462,boot_3
mixture,0.17500000000000004,6019482.550309059,12038971.100618118,170.2685430868185,0.001718463325092059,0.012055520994597129,boot_3
mixture,0.20000000000000007,6025542.337484266,12051090.674968531,184.01585103877346,0.0017476809877216785,0.011497806274110036,boot_3
mixture,0.22500000000000003,6030944.3870552555,12061894.774110511,196.96546515994396,0.001774710918199572,0.011042362893320647,boot_3
mixture,0.25000000000000006,6035812.61198392,12071631.22396784,209.25586763959663,0.00179976652880999,0.010661138164471892,boot_3
mixture,0.2750000000000001,6040238.795997175,12080483.59199435,220.97371529382093,0.0018231681049885463,0.01033685639603596,boot_3
mixture,0.3000000000000001,6044292.868024343,12088591.736048685,232.19803273869968,0.001845094681028292,0.01005678482747798,boot_3
mixture,0.32500000000000007,6048029.36302848,12096064.72605696,242.98945368970396,0.0018657154229460976,0.009811967596856822,boot_3
mixture,0.3500000000000001,6051491.652505285,12102989.30501057,253.39591472178375,0.0018851882701134716,0.009595786316016947,boot_3
mixture,0.3750000000000001,6054714.810266951,12109435.620533902,263.46223647928633,0.0019036082017554543,0.009403032576401066,boot_3
mixture,0.4000000000000001,6057727.610743879,12115461.221487759,273.22055991656873,0.001921091363702444,0.009229976894099906,boot_3
mixture,0.4250000000000001,6060553.957706766,12121113.915413532,282.7010741357613,0.001937726243113262,0.009073429771820464,boot_3
mixture,0.4500000000000001,6063213.928156958,12126433.856313916,291.9303516443623,0.0019535753779298145,0.008930968271605416,boot_3
mixture,0.47500000000000014,6065724.549761599,12131455.099523198,300.9311924945049,0.001968698374255794,0.008800599879761777,boot_3
mixture,0.5000000000000002,6068100.389718654,12136206.779437307,309.71959745197825,0.008680679640268037,0.0019831793013829284,boot_3
null,,6099169.377804218,12198340.755608436,457.3299088783621,0.0021866052943105762,,boot_3
sum,,6132213.663301777,12264429.326603554,647.2686262961688,0.003089907217416816,,boot_3
mixture,0.005,5930536.154027008,11861078.308054017,24.119710436619073,0.0011849154284638804,0.05,boot_4
mixture,0.01,5930918.765853519,11861843.531707037,30.89213212610303,0.0013777229363020657,0.041889196506447256,boot_4
mixture,0.015,5936365.9589036545,11872737.917807309,39.523064628181245,0.001393108356094224,0.03425398799501655,boot_4
mixture,0.02,5941891.741295994,11883789.482591989,46.966507075413844,0.0014116815058300518,0.029878954741251306,boot_4
mixture,0.025,5947097.855791648,11894201.711583296,53.66862627756456,0.0014297081038199607,0.026946698989045503,boot_4
mixture,0.05,5967939.512546612,11935885.025093224,81.22489938008488,0.0015039116843614355,0.019800632116523196,boot_4
mixture,0.07500000000000001,5982946.520820872,11965899.041641744,103.50688581899203,0.0015603819695873785,0.016684183073142355,boot_4
mixture,0.10000000000000002,5994605.105307597,11989216.210615193,122.85210969776467,0.0016069672351723013,0.014845829195393163,boot_4
mixture,0.12500000000000003,6004123.656302611,12008253.312605223,140.19903218740876,0.0016472156137317495,0.013605252014229149,boot_4
mixture,0.15000000000000002,6012157.1721399445,12024320.344279889,156.0546792687033,0.0016829551267171486,0.012700643431739232,boot_4
mixture,0.17500000000000004,6019098.971448699,12038203.942897398,170.73849193073454,0.0017152501559736576,0.012006538984963044,boot_4
mixture,0.20000000000000007,6025203.698870409,12050413.397740819,184.47184261279978,0.0017447732931063459,0.011454135447431223,boot_4
mixture,0.22500000000000003,6030645.785627283,12061297.571254566,197.41601157913675,0.0017719960492853667,0.011002184096424998,boot_4
mixture,0.25000000000000006,6035550.04492622,12071106.08985244,209.69390611747352,0.0017972589434480592,0.01062425375657537,boot_4
mixture,0.2750000000000001,6040008.9360910375,12080023.872182075,221.40129465866937,0.00182081896017478,0.01030263394958652,boot_4
mixture,0.3000000000000001,6044092.907477406,12088191.814954812,232.61340595272011,0.0018428946104609228,0.010024916507405423,boot_4
mixture,0.32500000000000007,6047856.902020571,12095719.804041142,243.39257024601307,0.00186365093470382,0.0097820855916452,boot_4
mixture,0.3500000000000001,6051344.617475511,12102695.234951021,253.78719953596425,0.0018832407681063858,0.009567637418301727,boot_4
mixture,0.3750000000000001,6054591.392646584,12109188.785293167,263.8400720953035,0.0019017742424617154,0.009376530616145856,boot_4
mixture,0.4000000000000001,6057626.2201148765,12115258.440229753,273.59013418018367,0.0019193319233793999,0.00920467261571958,boot_4
mixture,0.4250000000000001,6060473.1853423985,12120952.370684797,283.0593795079536,0.0019360565582384024,0.00904927539611915,boot_4
mixture,0.4500000000000001,6063152.518216292,12126311.036432585,292.2789634776913,0.0019519646751288001,0.008908036002016452,boot_4
mixture,0.47500000000000014,6065681.376265507,12131368.752531014,301.2679538597954,0.001967172677971804,0.008778580547526487,boot_4
mixture,0.5000000000000002,6068074.4378960505,12136154.875792101,310.0472614657315,0.008659567324000623,0.0019817076015276134,boot_4
null,,6099365.169408806,12198732.338817611,457.51117761036767,0.0021857389478943715,,boot_4
sum,,6132669.455125131,12265340.910250261,647.6339302166182,0.0030881643266143385,,boot_4
mixture,0.005,5932944.586558936,11865895.173117872,24.14023965206547,0.0011791786338218968,0.05,boot_5
mixture,0.01,5933400.158981388,11866806.317962777,30.85843230349705,0.0013735149981598438,0.0419885755742034,boot_5
mixture,0.015,5938904.896810028,11877815.793620056,39.49837414781324,0.0013884597086021204,0.034326494886115555,boot_5
mixture,0.02,5944455.407915648,11888916.815831296,46.96193944296562,0.0014065007947603426,0.029930744044151362,boot_5
mixture,0.025,5949671.798711547,11899349.597423093,53.687424506115846,0.001424071101231426,0.026984299994141352,boot_5
mixture,0.05,5970504.434340094,11941014.868680188,81.37252722945988,0.0014967750769216924,0.019805128158274475,boot_5
mixture,0.07500000000000001,5985486.1951177055,11970978.390235411,103.7713196225544,0.001552493431663411,0.0166781049946934,boot_5
mixture,0.10000000000000002,5997121.877698121,11994249.755396241,123.22006288630887,0.0015986285605593374,0.014835219022513385,boot_5
mixture,0.12500000000000003,6006620.946097754,12013247.892195508,140.65969397279525,0.0016385812900864768,0.01359240409900571,boot_5
mixture,0.15000000000000002,6014637.847291825,12029281.69458365,156.60262611978257,0.001674081994650552,0.012686324771926083,boot_5
mixture,0.17500000000000004,6021565.305079646,12043136.610159293,171.36738912563993,0.0017061960073564129,0.011991271938403313,boot_5
mixture,0.20000000000000007,6027657.499453704,12055320.998907408,185.17532685383097,0.0017355850737605072,0.011438308540229123,boot_5
mixture,0.22500000000000003,6033088.514052513,12066183.028105026,198.1916679158482,0.001762680309456241,0.010985871841424855,boot_5
mixture,0.25000000000000006,6037982.900525518,12075971.801051036,210.53616733419693,0.0017878489839143596,0.010607704373581672,boot_5
mixture,0.2750000000000001,6042432.9181140885,12084871.836228177,222.30717658112394,0.001811329283268876,0.01028588011016158,boot_5
mixture,0.3000000000000001,6046508.85925821,12093023.71851642,233.5815129556297,0.0018333240335256568,0.010007960725191207,boot_5
mixture,0.32500000000000007,6050265.543306248,12100537.086612497,244.41751332098985,0.0018540291666551323,0.00976511426408012,boot_5
mixture,0.3500000000000001,6053746.568587368,12107499.137174737,254.87093979077002,0.0018735479240841602,0.009550452998647842,boot_5
mixture,0.3750000000000001,6056987.192798967,12113980.385597933,264.9797297980771,0.0018920177944801587,0.009359280983945763,boot_5
mixture,0.4000000000000001,6060016.34161978,12120038.68323956,274.7806950384042,0.0019095423381160078,0.009187458365674321,boot_5
mixture,0.4250000000000001,6062858.044710714,12125722.089421429,284.3018191882978,0.0019262138621744676,0.00903211407789439,boot_5
mixture,0.4500000000000001,6065532.485335444,12131070.970670888,293.57613373308806,0.0019421019086575265,0.008889834775516291,boot_5
mixture,0.47500000000000014,6068056.780254423,12136119.560508845,302.6066963132402,0.0019572726742323205,0.008761380502686203,boot_5
mixture,0.5000000000000002,6070445.574729755,12140897.14945951,311.43533187583864,0.0019717611620874206,0.008642306767966238,boot_5
null,,6101685.677610218,12203373.355220435,459.671539867155,0.002175466421717124,,boot_5
sum,,6134871.109421953,12269744.218843905,650.2292883971402,0.003075838070798283,,boot_5
mixture,0.005,5933820.950549188,11867647.901098376,24.131799212267172,0.0011815305380051967,0.05,boot_6
mixture,0.01,5934025.454114957,11868056.908229914,30.768215842496094,0.0013786685251788876,0.042101071928003705,boot_6
mixture,0.015,5939426.211789166,11878858.423578331,39.36059195535044,0.0013941916614062773,0.03443854914370542,boot_6
mixture,0.02,5944903.89520395,11889813.7904079,46.78620106483867,0.00141248311322676,0.03003671244867687,boot_6
mixture,0.025,5950063.035564263,11900132.071128527,53.47897690152527,0.001430183436262045,0.027084310070200415,boot_6
mixture,0.05,5970709.620812682,11941425.241625365,81.03797112829699,0.0015030457948522894,0.019886048767231938,boot_6
mixture,0.07500000000000001,5985574.600486217,11971155.200972434,103.35025563879462,0.0015586529262845818,0.016747603811426346,boot_6
mixture,0.10000000000000002,5997122.976518759,11994251.953037517,122.7386112938497,0.0016045922009530116,0.01489635099963552,boot_6
mixture,0.12500000000000003,6006551.630377169,12013109.260754338,140.1368537971029,0.0016443165265455102,0.01364683585143944,boot_6
mixture,0.15000000000000002,6014509.3064477155,12029024.612895431,156.04807665365175,0.001679636450516701,0.012735410907158674,boot_6
mixture,0.17500000000000004,6021385.6070625195,12042777.214125039,170.7901360065061,0.001711541435663766,0.012036218483711874,boot_6
mixture,0.20000000000000007,6027432.789360561,12054871.578721123,184.5852351304762,0.0017407267116114435,0.011479294801381726,boot_6
mixture,0.22500000000000003,6032823.652903157,12065653.305806315,197.5892173765273,0.0017676631777847284,0.01102378620665787,boot_6
mixture,0.25000000000000006,6037681.84117062,12075369.68234124,209.92659737316427,0.0017926741650913633,0.010642806577821014,boot_6
mixture,0.2750000000000001,6042098.9430167815,12084203.886033563,221.69041146767634,0.0018160213031478405,0.010318746829434426,boot_6
mixture,0.3000000000000001,6046144.739660916,12092295.479321832,232.95971867165844,0.001837901574401136,0.01003870848715817,boot_6
mixture,0.32500000000000007,6049873.650522082,12099753.301044164,243.79326085987665,0.0018584845723837431,0.009794020796054737,boot_6
mixture,0.3500000000000001,6053328.954517139,12106663.909034278,254.24175555089124,0.0018779141722251411,0.009577872127723755,boot_6
mixture,0.3750000000000001,6056545.649925287,12113097.299850574,264.34577111729493,0.0018963039381107332,0.009385418501749085,boot_6
mixture,0.4000000000000001,6059552.448649331,12119110.897298662,274.1439460796888,0.001913754066754261,0.009212249249203096,boot_6
mixture,0.4250000000000001,6062373.202124917,12124752.404249834,283.66314658497095,0.001930348404968781,0.009055740247599172,boot_6
mixture,0.4500000000000001,6065027.943057982,12130061.886115965,292.9285934309061,0.0019461671195740724,0.008913396369612745,boot_6
mixture,0.47500000000000014,6067533.661332218,12135073.322664436,301.9622443103176,0.0019612837026121094,0.0087830936944558,boot_6
mixture,0.5000000000000002,6069904.892072468,12139815.784144936,310.7752051973128,0.008664425225521187,0.0019757537646903187,boot_6
null,,6100916.783884278,12201835.567768555,458.9532257843315,0.0021788712744987087,,boot_6
sum,,6133868.695690467,12267739.391380934,649.2975427639637,0.003080251915764682,,boot_6
mixture,0.005,5933685.905664979,11867377.811329957,24.133287897054473,0.001181115039087941,0.05,boot_7
mixture,0.01,5933945.803691229,11867897.607382458,30.870169529869166,0.001374739793215501,0.04195614695866755,boot_7
mixture,0.015,5939335.131634567,11878676.263269134,39.503691171918035,0.0013899683805488844,0.034306119300858584,boot_7
mixture,0.02,5944811.982464442,11889629.964928884,46.956842674266404,0.001408261712568688,0.02991915386252081,boot_7
mixture,0.025,5949975.685937234,11899957.371874468,53.67038392657548,0.0014260341180909232,0.026978979711780645,boot_7
mixture,0.05,5970666.552977119,11941339.105954237,81.28642453163468,0.0014994022387408421,0.01981651892674925,boot_7
mixture,0.07500000000000001,5985577.096559148,11971160.193118297,103.6190322764556,0.001555447968502501,0.016696325453094418,boot_7
mixture,0.10000000000000002,5997164.935158913,11994335.870317826,123.01065320507685,0.0016017525624635325,0.01485662422370687,boot_7
mixture,0.12500000000000003,6006627.328392754,12013260.656785509,140.40759456751684,0.0016417343282397086,0.013614735514463811,boot_7
mixture,0.15000000000000002,6014614.056469041,12029234.112938082,156.3139497523776,0.0016772419156734044,0.012709061717357844,boot_7
mixture,0.17500000000000004,6021515.628147308,12043037.256294616,171.0582839729198,0.0017093013701086894,0.012012707371640553,boot_7
mixture,0.20000000000000007,6027585.008554285,12055176.01710857,184.83820576378872,0.0017386343040756247,0.011460433109243991,boot_7
mixture,0.22500000000000003,6032995.546810063,12065997.093620125,197.83564688731866,0.0017656816549666754,0.011007567774123017,boot_7
mixture,0.25000000000000006,6037871.311809285,12075748.62361857,210.16765114315643,0.001790773823163685,0.01062876994752167,boot_7
mixture,0.2750000000000001,6042304.227320672,12084614.454641344,221.92835308733572,0.0018141852318779958,0.010306324629947893,boot_7
mixture,0.3000000000000001,6046364.341249926,12092734.682499852,233.19470132715082,0.0018361103203101774,0.010027816286306477,boot_7
mixture,0.32500000000000007,6050106.287879152,12100218.575758304,244.02676972705675,0.0018567305278992326,0.009784323505149205,boot_7
mixture,0.3500000000000001,6053573.521186051,12107153.042372102,254.47619712040085,0.0018761763667253305,0.009569156689545274,boot_7
mixture,0.3750000000000001,6056801.183436594,12113608.366873188,264.5794068108546,0.0018946034855984242,0.009377511868682298,boot_7
mixture,0.4000000000000001,6059818.106236039,12119642.212472077,274.37581885301574,0.0019120875406047635,0.00920522460342641,boot_7
mixture,0.4250000000000001,6062648.241169211,12125302.482338423,283.8993120734027,0.0019286777456906177,0.00904926252799814,boot_7
mixture,0.4500000000000001,6065311.705748754,12130629.411497507,293.17594823884554,0.001944483632540923,0.008906588219408006,boot_7
mixture,0.47500000000000014,6067825.561184773,12135657.122369546,302.2073630116811,0.0019596070103551416,0.008777528855852151,boot_7
mixture,0.5000000000000002,6070204.404335299,12140414.808670597,311.03347888612115,0.0019740733032561045,0.008657996975694754,boot_7
null,,6101307.7334641265,12202617.466928253,459.31815786426955,0.002177140143228355,,boot_7
sum,,6134310.816612966,12268623.633225933,649.7759671322888,0.0030779839531873874,,boot_7
mixture,0.005,5933062.428536023,11866130.857072046,24.129694959940757,0.0011821183436050977,0.05,boot_8
mixture,0.01,5933244.898513211,11866495.797026422,30.72861252649669,0.001380695607042465,0.04215297556521798,boot_8
mixture,0.015,5938645.672502709,11877297.345005417,39.340791046470564,0.0013953841948474805,0.03445132434625136,boot_8
mixture,0.02,5944118.703873853,11888243.407747706,46.778586407432584,0.001413324469304381,0.030035962615929255,boot_8
mixture,0.025,5949273.74315779,11898553.48631558,53.479995958933685,0.0014308450935426897,0.027077463468497393,boot_8
mixture,0.05,5969912.652352741,11939831.304705482,81.06248023613713,0.0015034869742505646,0.01987179325434177,boot_8
mixture,0.07500000000000001,5984780.822180857,11969567.644361714,103.3759908281225,0.001559221952360895,0.016734485810703498,boot_8
mixture,0.10000000000000002,5996336.423376593,11992678.846753186,122.75282359152723,0.0016053532963986104,0.014885569808824963,boot_8
mixture,0.12500000000000003,6005773.791445024,12011553.582890049,140.13160288151045,0.0016452799417465528,0.013638484123969511,boot_8
mixture,0.15000000000000002,6013740.5738611035,12027487.147722207,156.01964358012154,0.0016807706617957797,0.01272933996829641,boot_8
mixture,0.17500000000000004,6020625.872155131,12041257.744310262,170.7353738022208,0.0017128511025724694,0.012032107827264524,boot_8
mixture,0.20000000000000007,6026681.715554668,12053369.431109335,184.5037167228893,0.0017422056093356459,0.011476658016831355,boot_8
mixture,0.22500000000000003,6032080.80925908,12064167.61851816,197.4824788331848,0.0017692684644767646,0.011022414210070396,boot_8
mixture,0.25000000000000006,6036946.7686028415,12073899.537205683,209.79437889238847,0.001794394198081316,0.01064258626753342,boot_8
mixture,0.2750000000000001,6041371.187587926,12082748.375175852,221.53392220721008,0.0018178454364303487,0.010319412979278348,boot_8
mixture,0.3000000000000001,6045423.868615069,12090853.737230139,232.78055799883788,0.0018398051187388234,0.010040188095249323,boot_8
mixture,0.32500000000000007,6049159.259206262,12098324.518412525,243.59182514951334,0.0018604682639266014,0.009796149999562175,boot_8
mixture,0.3500000000000001,6052620.668582717,12105247.337165434,254.01869119257668,0.0018799658415109331,0.009580648279668157,boot_8
mixture,0.3750000000000001,6055843.125038192,12111692.250076383,264.10645989332096,0.0018984092407570287,0.009388239017572029,boot_8
mixture,0.4000000000000001,6058855.368872673,12117716.737745347,273.88128007018526,0.0019159276900579726,0.009215863121730337,boot_8
mixture,0.4250000000000001,6061681.277950691,12123368.555901382,283.382039014435,0.0019325683034632107,0.009059764774472494,boot_8
mixture,0.4500000000000001,6064340.909089032,12128687.818178063,292.630179018234,0.0019484282830098698,0.008917743290676504,boot_8
mixture,0.47500000000000014,6066851.274045362,12133708.548090724,301.647197830155,0.001963584604205199,0.008787688443695688,boot_8
mixture,0.5000000000000002,6069226.927341332,12138459.854682663,310.454476860358,0.001978069375770708,0.008668101773515431,boot_8
null,,6100298.588460017,12200599.176920034,458.3774857234567,0.0021816080220905727,,boot_8
sum,,6133326.760433289,12266655.520866578,648.5150379917593,0.003083968578729263,,boot_8
mixture,0.005,5931768.670171982,11863543.340343963,24.132433696417337,0.0011813534147581313,0.05,boot_9
mixture,0.01,5932247.04708128,11864500.09416256,30.896308316878823,0.0013742553059347914,0.04191427128686415,boot_9
mixture,0.015,5937762.108498,11875530.216996,39.4965889898609,0.001390469546815391,0.034309958208534386,boot_9
mixture,0.02,5943336.523810161,11886679.047620323,46.92143892184985,0.0014093322812324483,0.029941655243145026,boot_9
mixture,0.025,5948577.5860011885,11897161.172002377,53.61163898211031,0.001427450936473895,0.027009879830437383,boot_9
mixture,0.05,5969501.767737947,11939009.535475895,81.15379593463385,0.001501407826368019,0.01985299658647189,boot_9
mixture,0.07500000000000001,5984536.412997788,11969078.825995576,103.44662012362363,0.0015575403362424855,0.01672882734447312,boot_9
mixture,0.10000000000000002,5996205.288435134,11992416.576870268,122.81520154118334,0.0016038137801131342,0.01488493373876702,boot_9
mixture,0.12500000000000003,6005726.503615638,12011459.007231276,140.19494911566204,0.0016437647693123784,0.013639905403285892,boot_9
mixture,0.15000000000000002,6013758.7737162495,12027523.547432499,156.08920577339643,0.0016792396399538344,0.012731590839301168,boot_9
mixture,0.17500000000000004,6020697.176229228,12041400.352458457,170.81630554373717,0.0017112884733265896,0.012034277460548899,boot_9
mixture,0.20000000000000007,6026797.296819733,12053600.593639467,184.59583049775705,0.0017405842463143158,0.011479098568313957,boot_9
mixture,0.22500000000000003,6032234.108498328,12064474.216996657,197.58936162572115,0.0017675895696731574,0.01102459481171121,boot_9
mixture,0.25000000000000006,6037132.750654205,12074271.50130841,209.91452661938627,0.0017926770522023149,0.010644595953939712,boot_9
mixture,0.2750000000000001,6041585.884358129,12083177.768716259,221.67314431334398,0.0018160495663103395,0.010320937105605313,boot_9
mixture,0.3000000000000001,6045664.084438957,12091334.168877915,232.93276718838865,0.0018379814701618097,0.010041567876058083,boot_9
mixture,0.32500000000000007,6049422.3733846545,12098850.746769309,243.75936435865066,0.0018586018379076442,0.009797270905429784,boot_9
mixture,0.3500000000000001,6052904.498448488,12105814.996896977,254.20207803208177,0.0018780591960619606,0.009581442041294812,boot_9
mixture,0.3750000000000001,6056145.828409738,12112297.656819476,264.30218334937894,0.0018964730914948229,0.009389077183069668,boot_9
mixture,0.4000000000000001,6059175.372996305,12118356.74599261,274.09502822492186,0.0019139439574417296,0.009216236930724805,boot_9
mixture,0.4250000000000001,6062017.226320062,12124040.452640124,283.61026068774464,0.0019305589894873713,0.009059859574062709,boot_9
mixture,0.4500000000000001,6064691.621321584,12129389.242643168,292.87226235331843,0.0019464070847309434,0.008917417472089694,boot_9
mixture,0.47500000000000014,6067215.714759585,12134437.42951917,301.9061881500985,0.0019615026552062633,0.00878736020261308,boot_9
mixture,0.5000000000000002,6069604.182347454,12139214.364694908,310.7314225935961,0.001975982707732617,0.008666597072909683,boot_9
null,,6100830.003817072,12201662.007634144,458.87230972152275,0.002179255489630379,,boot_9
sum,,6133983.747490643,12267969.494981285,649.2018190072678,0.0030807060939205566,,boot_9
mixture,0.005,5935490.371386778,11870986.742773555,24.14653075957475,0.0011774317161665172,0.05,boot_10
mixture,0.01,5935669.259618127,11871344.519236254,30.718912968299264,0.0013766036086952562,0.0422091003052301,boot_10
mixture,0.015,5941075.035886992,11882156.071773984,39.35290371269856,0.001390703772209851,0.03448034707451463,boot_10
mixture,0.02,5946540.756556019,11893087.513112038,46.812843705895304,0.001408237296233676,0.030051493724704097,boot_10
mixture,0.025,5951685.470015394,11903376.940030787,53.53507891149384,0.0014254739896322436,0.02708555070994196,boot_10
mixture,0.05,5972275.144640474,11944556.289280947,81.20657314987137,0.0014973922103379785,0.019868164060971374,boot_10
mixture,0.07500000000000001,5987106.309126183,11974218.618252367,103.60188769498347,0.0015527124677525094,0.01672714980695924,boot_10
mixture,0.10000000000000002,5998632.660163873,11997271.320327746,123.05732400529982,0.0015985333032445975,0.014876038320873627,boot_10
mixture,0.12500000000000003,6008045.726556639,12016097.453113278,140.51352448878632,0.0016381960316113977,0.013627143905354322,boot_10
mixture,0.15000000000000002,6015991.706978441,12031989.413956882,156.4802075251214,0.00167342049287752,0.012716281088253794,boot_10
mixture,0.17500000000000004,6022858.852022635,12045723.70404527,171.26777401407097,0.0017053448944395306,0.012017613726477078,boot_10
mixture,0.20000000000000007,6028898.634063993,12057803.268127985,185.1007687429405,0.0017345566943484728,0.011461723206089578,boot_10
mixture,0.22500000000000003,6034283.364267787,12068572.728535574,198.14584891651296,0.001761473855354434,0.011006661209347948,boot_10
mixture,0.25000000000000006,6039136.36547433,12078278.73094866,210.5203128186903,0.0017864805316469214,0.010626185417684326,boot_10
mixture,0.2750000000000001,6043549.006904556,12087104.013809113,222.31981500175857,0.0018098237104894653,0.010302493437129183,boot_10
mixture,0.3000000000000001,6047590.914048587,12095187.828097174,233.6215588151406,0.0018317046517314826,0.010022953136380824,boot_10
mixture,0.32500000000000007,6051316.392681922,12102638.785363844,244.4866551997062,0.0018522884426581815,0.009778637554374399,boot_10
mixture,0.3500000000000001,6054768.636808517,12109543.273617035,254.96788841283455,0.0018716985963501394,0.009562765506633628,boot_10
mixture,0.3750000000000001,6057982.579810177,12115971.159620354,265.10037837869095,0.0018901040539191145,0.00937051110737257,boot_10
mixture,0.4000000000000001,6060986.883344421,12121979.766688842,274.92811389112126,0.00190753771252821,0.009197699769368036,boot_10
mixture,0.4250000000000001,6063805.358990233,12127616.717980467,284.47238032462326,0.0019241501862387082,0.009041498775297363,boot_10
mixture,0.4500000000000001,6066458.007766655,12132922.01553331,293.76510847707914,0.0019399832211745396,0.008899051513694852,boot_10
mixture,0.47500000000000014,6068961.793641296,12137929.587282592,302.82791810872914,0.001955062131919763,0.00876916242055383,boot_10
mixture,0.5000000000000002,6071331.231034524,12142668.462069048,311.6822503978967,0.001969536567128155,0.00864821141475349,boot_10
null,,6102321.479942866,12204644.959885731,460.26739822956637,0.0021726500809019556,,boot_10
sum,,6135208.320442122,12270418.640884245,650.8322794315675,0.0030729883307981996,,boot_10
mixture,0.005,5932325.506478421,11864657.012956843,24.125834580543724,0.0011831982309531538,0.05,boot_11
mixture,0.01,5932580.92735746,11865167.85471492,30.722195501108583,0.0013818023449576815,0.04215408129651169,boot_11
mixture,0.015,5938027.563747625,11876061.12749525,39.32115879963529,0.001396764526864436,0.034462183310803446,boot_11
mixture,0.02,5943533.284811497,11887072.569622993,46.75260925678541,0.0014147404303146097,0.03004684209137263,boot_11
mixture,0.025,5948712.884441401,11897431.768882802,53.45016409442553,0.001432243459718015,0.02708707198978941,boot_11
mixture,0.05,5969424.040004179,11938854.080008358,81.01580698168922,0.0015048366203887665,0.01987879848275422,boot_11
mixture,0.07500000000000001,5984333.038759557,11968672.077519113,103.31180231433754,0.0015605693051689818,0.016741348770423773,boot_11
mixture,0.10000000000000002,5995917.145362893,11991840.290725786,122.67143951483513,0.0016067123573406871,0.01489263759177268,boot_11
mixture,0.12500000000000003,6005376.18859974,12010758.37719948,140.0354088215406,0.001646639399807253,0.01364560281577519,boot_11
mixture,0.15000000000000002,6013360.278921505,12026726.55784301,155.9104801511184,0.001682130388394318,0.012736401730325171,boot_11
mixture,0.17500000000000004,6020259.862661305,12040525.72532261,170.61764411833627,0.0017141954641796645,0.012038710147023356,boot_11
mixture,0.20000000000000007,6026327.787336808,12052661.574673615,184.375385658651,0.0017435309113824945,0.011483424009822137,boot_11
mixture,0.22500000000000003,6031737.29153309,12063480.58306618,197.34663165617354,0.0017705762781640092,0.011028988783375073,boot_11
mixture,0.25000000000000006,6036612.35655322,12073230.71310644,209.64808361391454,0.0017957095019402387,0.010649272396191988,boot_11
mixture,0.2750000000000001,6041044.837203452,12082095.674406905,221.3842924194022,0.0018191282233164013,0.01032572601888084,boot_11
mixture,0.3000000000000001,6045104.72776192,12090215.45552384,232.62556605495226,0.0018410726278169569,0.010046345427773308,boot_11
mixture,0.32500000000000007,6048846.620599876,12097699.241199752,243.4329995921969,0.001861713422861674,0.009802123421671534,boot_11
mixture,0.3500000000000001,6052313.936715976,12104633.873431953,253.8553595110859,0.00188120160430939,0.00958644635851952,boot_11
mixture,0.3750000000000001,6055541.792308669,12111089.584617337,263.93602059726913,0.0018996408954287476,0.009394217367208099,boot_11
mixture,0.4000000000000001,6058558.99806735,12117123.9961347,273.7113391990206,0.001917126252330585,0.00922144608342446,boot_11
mixture,0.4250000000000001,6061389.488811358,12122784.977622716,283.2079787292271,0.0019337642235283806,0.009065200395961459,boot_11
mixture,0.4500000000000001,6064053.36823946,12128112.73647892,292.4533353520958,0.001949612603176874,0.008923030792074496,boot_11
mixture,0.47500000000000014,6066567.6870543435,12133141.374108687,301.4668798257503,0.0019647595753848283,0.008792935940782905,boot_11
mixture,0.5000000000000002,6068947.032448968,12137900.064897936,310.2714406177999,0.001979234096171962,0.008673257303859415,boot_11
null,,6100062.538095225,12200127.07619045,458.1580650045156,0.0021826528361781517,,boot_11
sum,,6133119.457025409,12266240.914050817,648.2752745700175,0.0030851091788539104,,boot_11
mixture,0.005,5932671.185383555,11865348.37076711,24.13451483567424,0.0011807728143674986,0.05,boot_12
mixture,0.01,5933039.320712449,11866084.641424898,30.909403698260675,0.0013732716531780972,0.04190028677493413,boot_12
mixture,0.015,5938472.492325449,11876950.984650899,39.555877137791626,0.001388377681077691,0.03425860489605313,boot_12
mixture,0.02,5943981.781050568,11887969.562101137,47.01876066241353,0.0014066641074235468,0.02987738809313851,boot_12
mixture,0.025,5949171.254414284,11898348.508828567,53.74080493273378,0.0014244558097116567,0.026940963113321136,boot_12
mixture,0.05,5969944.662579945,11939895.32515989,81.38846297588228,0.0014980024060030255,0.019787264219176065,boot_12
mixture,0.07500000000000001,5984906.13766036,11969818.27532072,103.73610996541763,0.0015542871095647116,0.01667193054726258,boot_12
mixture,0.10000000000000002,5996532.052329853,11993070.104659706,123.13285406351116,0.00160081126341053,0.014835687838674,boot_12
mixture,0.12500000000000003,6006025.231419465,12012056.46283893,140.5262662411239,0.0016410114615946429,0.013596724825741943,boot_12
mixture,0.15000000000000002,6014037.900595614,12028081.801191228,156.42661587922333,0.0016767012490388987,0.012693152370866245,boot_12
mixture,0.17500000000000004,6020961.9059260385,12041929.811852077,171.15382337858176,0.001708943452382947,0.011999760651853543,boot_12
mixture,0.20000000000000007,6027051.045746639,12054108.091493279,184.92814886621696,0.0017384292914431247,0.011447907424414067,boot_12
mixture,0.22500000000000003,6032479.227549636,12064964.455099272,197.91741136432472,0.0017655735915712504,0.010996015923624152,boot_12
mixture,0.25000000000000006,6037370.918635413,12074747.837270826,210.2376770980879,0.00179078048071631,0.01061815453742489,boot_12
mixture,0.2750000000000001,6041818.336880451,12083642.673760902,221.98745991202895,0.001814281515390512,0.010296495620645016,boot_12
mixture,0.3000000000000001,6045891.754168643,12091789.508337285,233.2411454484036,0.001836302735011511,0.010018693345043381,boot_12
mixture,0.32500000000000007,6049645.979532804,12099297.959065609,244.06042781470836,0.0018570094092570438,0.009775829085341333,boot_12
mixture,0.3500000000000001,6053124.606016788,12106255.212033575,254.49760579673233,0.001876529492358627,0.009561201951212489,boot_12
mixture,0.3750000000000001,6056362.888492553,12112731.776985105,264.59390366386486,0.0018950118551240354,0.00936947768702146,boot_12
mixture,0.4000000000000001,6059389.750703969,12118785.501407938,274.3775532641296,0.0019125406938720329,0.009197985256690288,boot_12
mixture,0.4250000000000001,6062229.221220414,12124464.442440828,283.8844916126127,0.0019292181172262345,0.009042587920852758,boot_12
mixture,0.4500000000000001,6064901.482246122,12129808.964492245,293.1472958828624,0.0019451082008012065,0.00890000788653676,boot_12
mixture,0.47500000000000014,6067423.649016526,12134853.298033051,302.1675106524856,0.001960259776768594,0.008771535862882065,boot_12
mixture,0.5000000000000002,6069810.365967711,12139626.731935423,310.9828243496492,0.008652123161660133,0.0019747739168933147,boot_12
null,,6101017.41875675,12202036.8375135,459.04711020446865,0.002178425651246514,,boot_12
sum,,6134166.340634037,12268334.681268074,649.4269169312653,0.003079638290095201,,boot_12
